model,family,series,split,MAE,RMSE,MAPE_%,MASE,fit_time_s
naive,naive,alb,val,140474.22916666666,167933.27260260496,6.055217771792157,3.5483689468114106,1.3374999980442226e-05
naive,naive,alb,test,103514.69442287147,120201.68238124443,4.143301012818403,2.614773751796095,8.416001946898177e-06
seasonal_naive_m24,naive,alb,val,19369.020833333332,26930.144566157953,0.8029394193533929,0.48926007612115047,1.7624999600229785e-05
seasonal_naive_m24,naive,alb,test,78784.33970668126,89398.56040589402,3.1503286790718223,1.9900867665808502,1.3290999049786478e-05
drift,naive,alb,val,143670.97331055955,170774.17477659683,6.190008856766551,3.6291184744534704,8.667000656714663e-06
drift,naive,alb,test,102288.70511441637,118167.89921126001,4.101428455260136,2.5838053498546723,7.124999683583155e-06
average,naive,alb,val,149950.94725473816,176014.3004770526,6.15110577905317,3.7877501655650803,2.9582999559352174e-05
average,naive,alb,test,237950.5971901768,264377.73878600966,9.38074479169199,6.010615007134759,1.6707999748177826e-05
naive,naive,store_service,val,16585.831597333334,19226.287351617477,15.209696974440213,3.490164298910952,4.542001988738775e-06
naive,naive,store_service,test,12080.81771952148,15721.956742663724,12.52041111347261,2.5421721219636533,3.5000011848751456e-06
seasonal_naive_m24,naive,store_service,val,2281.852430666667,3009.7856901900004,1.936703517908607,0.48017127402743165,1.2542001059046015e-05
seasonal_naive_m24,naive,store_service,test,6858.347604833026,8802.255779994435,6.769359627506491,1.4432052935927682,1.0874999134102836e-05
drift,naive,store_service,val,17022.66400112586,19619.700314795467,15.593181527282443,3.582087145913044,6.333000783342868e-06
drift,naive,store_service,test,12292.994988920218,16036.153195379487,12.755235304057798,2.586820683981789,6.000002031214535e-06
average,naive,store_service,val,11991.26364299326,14852.27378139527,9.825976838085754,2.5233272157624484,1.5542002074653283e-05
average,naive,store_service,test,11365.278441567469,12901.549977715526,10.71551609714988,2.3916008571025573,1.4375000318977982e-05
"SARIMA(1, 1, 1)x(1, 1, 1, 24)",SARIMA (TP1 refit),alb,val,36524.56780589134,41805.96730486181,1.5413401566375313,0.9226079613817608,2.635245916997519
"SARIMA(1, 1, 1)x(1, 1, 1, 24)",SARIMA (TP1 refit),alb,test,60429.0733343305,67638.15009717844,2.4187736251868843,1.526434055386217,2.8380326249971404
"SARIMA(1, 1, 1)x(1, 0, 1, 24)",SARIMA (TP1 refit),store_service,val,3075.428687527164,3597.388694109228,2.760661455923545,0.647163896851554,1.4940191249988857
"SARIMA(1, 1, 1)x(1, 0, 1, 24)",SARIMA (TP1 refit),store_service,test,6775.498124554838,9003.692664711063,6.978490451696423,1.4257712387156676,2.7314586249995045
holt_winters,classical,alb,val,31604.80783204323,37185.0544398015,1.3471904941482051,0.7983351775371438,0.15293558399935137
holt_winters,classical,alb,test,82913.55999898216,92997.9702478766,3.29490304000744,2.094390574807198,0.17462924999927054
mstl_arima,classical,alb,val,23468.835238196643,28937.841531858932,0.9847556339183621,0.5928210937413071,0.4690514579997398
mstl_arima,classical,alb,test,76674.567386559,84871.26147527416,3.0559209619144396,1.9367940691944707,0.4405107919992588
auto_arima,classical,alb,val,18807.501328976232,25924.31598087376,0.7963462431783123,0.47507613374175733,97.51807429199835
auto_arima,classical,alb,test,81488.75152565529,90358.56009102464,3.2454960304571387,2.0584000150305117,78.92856754199966
holt_winters,classical,store_service,val,6840.6896943240035,7281.716014269956,6.121749761886608,1.4394895312271438,0.23338562499702675
holt_winters,classical,store_service,test,7910.618458924952,10036.018827159656,8.073721550852822,1.6646351414833411,0.16290612499869894
mstl_arima,classical,store_service,val,3116.57925544245,3593.585066670677,2.7305037231297633,0.6558232301008396,0.4674574170021515
mstl_arima,classical,store_service,test,6738.211765155744,8292.03652285269,6.727488538276684,1.4179250526714293,0.5092817919976369
auto_arima,classical,store_service,val,2525.880897113789,2976.93557870654,2.201688602960959,0.531522298334749,79.46835187499892
auto_arima,classical,store_service,test,6693.19075932363,8683.686369930689,6.778318079211871,1.4084512613614073,46.085723666001286
