model,family,series,split,MAE,RMSE,MAPE_%,MASE,fit_time_s,architecture,seed
lstm_seed42,DL,alb,val,71234.28157813837,76623.98853149114,2.9984039652799828,1.7993728401270732,20.22233787299774,lstm,42
lstm_seed42,DL,alb,test,308188.0722577831,316031.9555293304,12.350727346639482,7.784808586347327,2.004763663004269,lstm,42
lstm_seed43,DL,alb,val,79935.59028677027,85501.96196112028,3.374318858345857,2.0191672736077986,18.738026850987808,lstm,43
lstm_seed43,DL,alb,test,310752.7545324191,318803.7497693144,12.447408186559684,7.849592276535501,1.967106954994961,lstm,43
nbeats_seed42,DL,alb,val,25380.79448822916,31703.67683926007,1.0653910223780156,0.641117047174409,21.991048661002424,nbeats,42
nbeats_seed42,DL,alb,test,64607.77756255599,73831.16244466814,2.5856545378588573,1.631987824282522,23.148653258991544,nbeats,42
nbeats_seed43,DL,alb,val,52230.13486280843,60278.475753037914,2.1993811358535056,1.319329458039405,23.374480017999304,nbeats,43
nbeats_seed43,DL,alb,test,73452.27295639107,81539.24703896495,2.934086363431818,1.8553991431548664,26.798891009006184,nbeats,43
nhits_seed42,DL,alb,val,20659.836542392044,26068.3635555482,0.8694344060119789,0.5218659882891822,7.817206485007773,nhits,42
nhits_seed42,DL,alb,test,107808.92044821828,121929.71548287154,4.28571735137917,2.7232455929966,5.864647284004604,nhits,42
nhits_seed43,DL,alb,val,23383.58718849863,31020.945123095982,0.9714695990021492,0.5906677341242503,13.590250950990594,nhits,43
nhits_seed43,DL,alb,test,85431.41785558494,96960.99686764632,3.397339393554483,2.1579914835564766,11.404104532004569,nhits,43
tcn_seed42,DL,alb,val,57472.2987082944,65780.97907086537,2.4116904933568883,1.4517461405424317,9.420542777996161,tcn,42
tcn_seed42,DL,alb,test,134420.80000379667,151083.10921782296,5.344337365519196,3.3954597606163714,5.09044912099489,tcn,42
tcn_seed43,DL,alb,val,33791.35439373349,42200.07376679991,1.4138429643827748,0.8535671867553873,14.172987733996706,tcn,43
tcn_seed43,DL,alb,test,131235.25583153917,149314.2968223754,5.21183566327568,3.314993143453991,11.071918722998817,tcn,43
tft_seed42,DL,alb,val,58909.55847823721,78913.85782059861,2.459204344976051,1.4880512191779978,146.54215090800426,tft,42
tft_seed42,DL,alb,test,123536.93459829953,143266.2562265823,4.909901074311138,3.1205341016165264,99.46105335900211,tft,42
tft_seed43,DL,alb,val,62592.956046873674,89403.09364627891,2.6315177946063555,1.5810935774016064,145.87037003999285,tft,43
tft_seed43,DL,alb,test,95722.445186027,115989.2615548486,3.824982415351045,2.4179420953288537,96.20652489599888,tft,43
tide_seed42,DL,alb,val,28983.73987224918,37714.744374975504,1.2090931346313014,0.7321271889887185,9.97939196700463,tide,42
tide_seed42,DL,alb,test,67661.32532218035,79250.8753605825,2.7158179962481066,1.709120221535268,7.849588971992489,tide,42
tide_seed43,DL,alb,val,33558.40580191242,43417.439405718906,1.4042475849913283,0.8476829220448786,11.61354458599817,tide,43
tide_seed43,DL,alb,test,73318.24345575749,83339.26883458822,2.931841757170242,1.8520135675882576,10.705603716996848,tide,43
lstm_seed42,DL,store_service,val,3521.3833702597585,4227.969257670604,2.964220329028919,0.7410063492767738,48.364462783007184,lstm,42
lstm_seed42,DL,store_service,test,5592.339477588622,7481.192579602761,5.673536941535562,1.1767986113646698,31.08331203200214,lstm,42
lstm_seed43,DL,store_service,val,3395.669494240421,4265.3882819026685,3.0197525345737715,0.7145523195595691,43.383199075004086,lstm,43
lstm_seed43,DL,store_service,test,10265.486108238543,11537.171363384748,10.10195915760962,2.1601710421140985,29.04247736700927,lstm,43
nbeats_seed42,DL,store_service,val,2684.265727237847,3356.9226158503448,2.2961221732893344,0.564851292201836,12.811664231994655,nbeats,42
nbeats_seed42,DL,store_service,test,6273.826565073252,8221.606718469187,6.405100064042323,1.3202042578617723,8.795443655006238,nbeats,42
nbeats_seed43,DL,store_service,val,3378.5162892711255,3957.0841019080467,2.950149506971007,0.7109427626166803,19.79378808500769,nbeats,43
nbeats_seed43,DL,store_service,test,5581.863213041846,7703.65583242058,5.683981971425339,1.17459408611717,12.496073517002516,nbeats,43
nhits_seed42,DL,store_service,val,3231.718057038008,4109.239426348266,2.710192751389834,0.680051941961921,5.726860206996207,nhits,42
nhits_seed42,DL,store_service,test,7010.830924425169,8966.695366036893,7.138541515174479,1.4752924298389538,1.7371354360075202,nhits,42
nhits_seed43,DL,store_service,val,3321.028245338019,4129.350782572448,2.9546844321814936,0.698845526649217,11.967856331000803,nhits,43
nhits_seed43,DL,store_service,test,7227.454392900108,9306.423054580771,7.317020596861573,1.5208766076078306,5.245339568995405,nhits,43
tcn_seed42,DL,store_service,val,3791.945674005241,4874.319983991632,3.3411090940412067,0.7979409013745661,25.898834642997826,tcn,42
tcn_seed42,DL,store_service,test,7556.497237675139,9405.016696329243,7.555405393647931,1.590117247301203,24.660803849998047,tcn,42
tcn_seed43,DL,store_service,val,3161.8439543428285,3885.9487635560777,2.70573783210153,0.6653483018571726,9.473169617005624,tcn,43
tcn_seed43,DL,store_service,test,6890.876541900012,8514.011679598221,6.872677200553294,1.45005037303099,4.349025504998281,tcn,43
tft_seed42,DL,store_service,val,5233.836887270653,6295.5969481183365,4.540171893016559,1.1013587436406997,153.97615816899634,tft,42
tft_seed42,DL,store_service,test,9580.025345730859,11637.616464787492,9.502345280264729,2.0159292133237203,108.20889176799392,tft,42
tft_seed43,DL,store_service,val,5060.8559168686725,6414.769667810231,4.357913477113955,1.0649582771494666,117.64162718100124,tft,43
tft_seed43,DL,store_service,test,8941.045044543967,10899.433729714347,8.718876144781708,1.8814682897443191,67.26477400200383,tft,43
tide_seed42,DL,store_service,val,3404.8170849158837,4089.907794398283,2.9369973443047397,0.7164772513430127,6.840489527996397,tide,42
tide_seed42,DL,store_service,test,7558.990972071431,9642.715267053309,7.60168103469315,1.5906420049963377,4.365485564994742,tide,42
tide_seed43,DL,store_service,val,4785.1573933266145,5628.674240295518,4.1309576215962505,1.0069429079180765,9.044745371997124,tide,43
tide_seed43,DL,store_service,test,8260.71052060523,9804.968953686172,8.133930130507979,1.7383051777331415,6.311184147998574,tide,43
