series,architecture,seed,best_epoch_first_run,best_epoch,test_refit_rerun
alb,lstm,42,1,1,False
alb,lstm,43,1,1,False
alb,nbeats,42,83,83,False
alb,nbeats,43,97,97,False
alb,nhits,42,21,21,False
alb,nhits,43,42,42,False
alb,tcn,42,10,10,False
alb,tcn,43,23,23,False
alb,tide,42,21,21,False
alb,tide,43,27,27,False
alb,tft,42,21,16,True
alb,tft,43,16,16,False
store_service,lstm,42,18,18,False
store_service,lstm,43,17,17,False
store_service,nbeats,42,34,34,False
store_service,nbeats,43,45,45,False
store_service,nhits,42,6,6,False
store_service,nhits,43,16,16,False
store_service,tcn,42,51,51,False
store_service,tcn,43,9,9,False
store_service,tide,42,11,11,False
store_service,tide,43,16,16,False
store_service,tft,42,23,17,True
store_service,tft,43,19,10,True
