model,family,series,split,MAE,RMSE,MAPE_%,MASE,fit_time_s,phase,contamination_reason,val_contaminated,val_rank,test_rank
naive,naive,alb,val,140474.22916666666,167933.27260260496,6.055217771792157,3.5483689468114106,1.3374999980442226e-05,2,,False,30,
naive,naive,alb,test,103514.69442287149,120201.68238124443,4.143301012818403,2.614773751796095,8.416001946898177e-06,2,,False,,24
seasonal_naive_m24,naive,alb,val,19369.02083333333,26930.144566157956,0.8029394193533929,0.4892600761211504,1.7624999600229785e-05,2,,False,6,
seasonal_naive_m24,naive,alb,test,78784.33970668126,89398.56040589402,3.1503286790718223,1.9900867665808504,1.3290999049786478e-05,2,,False,,10
drift,naive,alb,val,143670.97331055955,170774.17477659683,6.190008856766551,3.6291184744534704,8.667000656714663e-06,2,,False,31,
drift,naive,alb,test,102288.70511441636,118167.89921126,4.101428455260136,2.5838053498546723,7.124999683583155e-06,2,,False,,23
average,naive,alb,val,149950.94725473816,176014.3004770526,6.15110577905317,3.78775016556508,2.958299955935217e-05,2,,False,32,
average,naive,alb,test,237950.5971901768,264377.73878600966,9.38074479169199,6.010615007134759,1.6707999748177826e-05,2,,False,,31
naive,naive,store_service,val,16585.831597333334,19226.28735161748,15.209696974440211,3.490164298910952,4.542001988738775e-06,2,,False,31,
naive,naive,store_service,test,12080.81771952148,15721.956742663724,12.52041111347261,2.5421721219636533,3.5000011848751456e-06,2,,False,,30
seasonal_naive_m24,naive,store_service,val,2281.852430666667,3009.7856901900004,1.936703517908607,0.4801712740274316,1.2542001059046017e-05,2,,False,2,
seasonal_naive_m24,naive,store_service,test,6858.347604833026,8802.255779994435,6.769359627506491,1.4432052935927682,1.0874999134102836e-05,2,,False,,10
drift,naive,store_service,val,17022.66400112586,19619.700314795467,15.593181527282445,3.582087145913044,6.333000783342868e-06,2,,False,32,
drift,naive,store_service,test,12292.994988920218,16036.153195379487,12.755235304057798,2.586820683981789,6.000002031214535e-06,2,,False,,31
average,naive,store_service,val,11991.26364299326,14852.27378139527,9.825976838085754,2.5233272157624484,1.5542002074653283e-05,2,,False,30,
average,naive,store_service,test,11365.278441567469,12901.549977715526,10.71551609714988,2.3916008571025573,1.4375000318977982e-05,2,,False,,29
"SARIMA(1, 1, 1)x(1, 1, 1, 24)",SARIMA (TP1 refit),alb,val,36524.56780589134,41805.96730486181,1.541340156637531,0.9226079613817608,2.635245916997519,2,,False,23,
"SARIMA(1, 1, 1)x(1, 1, 1, 24)",SARIMA (TP1 refit),alb,test,60429.0733343305,67638.15009717844,2.4187736251868843,1.526434055386217,2.8380326249971404,2,,False,,1
"SARIMA(1, 1, 1)x(1, 0, 1, 24)",SARIMA (TP1 refit),store_service,val,3075.428687527164,3597.388694109228,2.760661455923545,0.647163896851554,1.4940191249988857,2,,False,10,
"SARIMA(1, 1, 1)x(1, 0, 1, 24)",SARIMA (TP1 refit),store_service,test,6775.498124554838,9003.692664711063,6.978490451696423,1.4257712387156676,2.7314586249995045,2,,False,,9
holt_winters,classical,alb,val,31604.80783204323,37185.0544398015,1.3471904941482051,0.7983351775371438,0.1529355839993513,2,,False,21,
holt_winters,classical,alb,test,82913.55999898216,92997.9702478766,3.29490304000744,2.094390574807198,0.1746292499992705,2,,False,,14
mstl_arima,classical,alb,val,23468.835238196643,28937.84153185893,0.984755633918362,0.5928210937413071,0.4690514579997398,2,,False,11,
mstl_arima,classical,alb,test,76674.567386559,84871.26147527416,3.05592096191444,1.9367940691944707,0.4405107919992588,2,,False,,7
auto_arima,classical,alb,val,18807.501328976232,25924.31598087376,0.7963462431783123,0.4750761337417573,97.51807429199836,2,,False,5,
auto_arima,classical,alb,test,81488.75152565529,90358.56009102464,3.2454960304571387,2.058400015030512,78.92856754199966,2,,False,,12
holt_winters,classical,store_service,val,6840.689694324004,7281.716014269956,6.121749761886608,1.4394895312271438,0.2333856249970267,2,,False,24,
holt_winters,classical,store_service,test,7910.618458924952,10036.018827159656,8.073721550852822,1.6646351414833411,0.1629061249986989,2,,False,,18
mstl_arima,classical,store_service,val,3116.57925544245,3593.585066670677,2.7305037231297637,0.6558232301008396,0.4674574170021515,2,,False,11,
mstl_arima,classical,store_service,test,6738.211765155744,8292.03652285269,6.727488538276684,1.417925052671429,0.5092817919976369,2,,False,,8
auto_arima,classical,store_service,val,2525.880897113789,2976.93557870654,2.201688602960959,0.531522298334749,79.46835187499892,2,,False,6,
auto_arima,classical,store_service,test,6693.19075932363,8683.686369930689,6.778318079211871,1.4084512613614073,46.085723666001286,2,,False,,6
lightgbm,ML,alb,val,24100.55270967676,34624.44634372304,1.0192427237261044,0.608778231732068,0.5432104579958832,3,,False,15,
lightgbm,ML,alb,test,89523.11451669208,101663.61241428036,3.553148445569506,2.2613474475519686,0.54478100000415,3,,False,,15
xgboost,ML,alb,val,51766.942708333336,84143.25952671401,2.1623411392821503,1.3076292574610051,0.1787477910038433,3,,False,26,
xgboost,ML,alb,test,113131.5142857143,129536.77904604471,4.497730824605693,2.8576939313252807,0.1757622919976711,3,,False,,26
catboost,ML,alb,val,23676.28135715016,29852.312980398543,0.9861747748134948,0.5980611678175125,0.9027386250018026,3,,False,12,
catboost,ML,alb,test,92090.22494494308,102661.32516995475,3.668261955493278,2.326192472726188,0.7948380410016398,3,,False,,18
random_forest,ML,alb,val,24013.59333333333,28853.35178628177,0.9982275278368028,0.6065816441267713,0.1853343749971827,3,,False,14,
random_forest,ML,alb,test,89523.51274654851,99481.95007975376,3.55941050595962,2.2613575068095613,0.1985869999989518,3,,False,,16
ridge,ML,alb,val,36145.97568692936,40976.17013282602,1.5316269432104153,0.9130447516286156,0.0039689170007477,3,,False,22,
ridge,ML,alb,test,67461.63424891548,74839.52034060568,2.689311733719992,1.7040760393565724,0.0036917079996783,3,,False,,3
catboost_direct,ML (direct),alb,val,21126.477815091697,28838.707669825195,0.8905047346819602,0.5336533133463885,29.11832104200585,3,,False,9,
catboost_direct,ML (direct),alb,test,93581.27921020056,104271.49872014114,3.7159942120313794,2.3638563964525328,59.34172074999515,3,,False,,20
catboost_tuned,ML,alb,val,13994.36158684479,19902.407909917405,0.5846886111167953,0.3534965692980911,0.7556808330045897,3,"Hyperparameters tuned with Optuna (tsa_final.ml_models.tune_hyperparameters), scored on a TimeSeriesFold at the train/val boundary -- the same 48h window later used to rank and select models. Wins validation, then frequently loses on test (status/03-ml-models.md).",True,1,
catboost_tuned,ML,alb,test,91577.7776195657,102435.79907512304,3.6330449423094406,2.3132480900658767,0.7799136670000735,3,"Hyperparameters tuned with Optuna (tsa_final.ml_models.tune_hyperparameters), scored on a TimeSeriesFold at the train/val boundary -- the same 48h window later used to rank and select models. Wins validation, then frequently loses on test (status/03-ml-models.md).",True,,17
random_forest_tuned,ML,alb,val,16478.207078457053,22505.646967876102,0.6864210751940385,0.4162383281488018,0.1217489580012625,3,"Hyperparameters tuned with Optuna (tsa_final.ml_models.tune_hyperparameters), scored on a TimeSeriesFold at the train/val boundary -- the same 48h window later used to rank and select models. Wins validation, then frequently loses on test (status/03-ml-models.md).",True,3,
random_forest_tuned,ML,alb,test,136787.15299794075,171701.06596062644,5.397301058620698,3.4552336674135584,0.1415797500012559,3,"Hyperparameters tuned with Optuna (tsa_final.ml_models.tune_hyperparameters), scored on a TimeSeriesFold at the train/val boundary -- the same 48h window later used to rank and select models. Wins validation, then frequently loses on test (status/03-ml-models.md).",True,,28
lightgbm_tuned,ML,alb,val,16682.36622051107,20806.177175700217,0.6988358460798253,0.4213953734244347,1.1063309999954072,3,"Hyperparameters tuned with Optuna (tsa_final.ml_models.tune_hyperparameters), scored on a TimeSeriesFold at the train/val boundary -- the same 48h window later used to rank and select models. Wins validation, then frequently loses on test (status/03-ml-models.md).",True,4,
lightgbm_tuned,ML,alb,test,98698.42021891069,110289.37242902102,3.92260227006673,2.4931150110715823,1.3763930419954704,3,"Hyperparameters tuned with Optuna (tsa_final.ml_models.tune_hyperparameters), scored on a TimeSeriesFold at the train/val boundary -- the same 48h window later used to rank and select models. Wins validation, then frequently loses on test (status/03-ml-models.md).",True,,22
stacking_top3,ML,alb,val,101301.73638390577,112420.62264174275,4.273625692122066,2.5588745905574446,4.807784457996604,3,Built from the top-3 *_tuned models by validation MAE (notebooks/03_ml_models.ipynb): inherits their validation-window leakage and additionally selects its own members by the same validation MAE metric being scored.,True,29,
stacking_top3,ML,alb,test,197519.53515236528,249124.9782761393,7.723215655121482,4.989329281826654,5.3217523749990505,3,Built from the top-3 *_tuned models by validation MAE (notebooks/03_ml_models.ipynb): inherits their validation-window leakage and additionally selects its own members by the same validation MAE metric being scored.,True,,29
lightgbm,ML,store_service,val,6763.124692222594,8067.028267554515,5.913545107247495,1.423167491563916,0.4439856669996516,3,,False,23,
lightgbm,ML,store_service,test,7134.862369819492,8941.017751336154,7.223807553577479,1.5013924248929968,0.5637584170035552,3,,False,,12
xgboost,ML,store_service,val,6958.012261395834,8095.108447598027,6.025487319603196,1.4641777738785715,0.1875213330058613,3,,False,25,
xgboost,ML,store_service,test,7781.258754938096,9448.991709558071,7.779226104128674,1.6374139184820653,0.1873599169994122,3,,False,,16
catboost,ML,store_service,val,8076.385804793411,8792.453595173949,7.0420110168760335,1.6995176415907425,0.7833052910063998,3,,False,27,
catboost,ML,store_service,test,9427.278286557512,10547.229983237024,9.235673946922695,1.983786578234132,0.851658415995189,3,,False,,26
random_forest,ML,store_service,val,8057.105451530832,8569.80303414516,7.063031456336474,1.6954604678377987,0.1764852909982437,3,,False,26,
random_forest,ML,store_service,test,6644.163042328792,8671.96837039815,6.792138305024616,1.398134335947791,0.1760638749983627,3,,False,,5
ridge,ML,store_service,val,5709.704891946057,6357.221867838227,5.013655449664491,1.201495870390444,0.0039747499977238,3,,False,22,
ridge,ML,store_service,test,10402.061974226206,11492.02889253136,10.246084105259389,2.1889107654596334,0.0037115840023034,3,,False,,28
ridge_direct,ML (direct),store_service,val,2905.147006063191,3846.4229102805552,2.501560831902794,0.6113314429937903,0.2417253329986124,3,,False,8,
ridge_direct,ML (direct),store_service,test,8742.221204662472,10407.709155678813,8.667936164120672,1.839629696143842,0.289858500000264,3,,False,,23
ridge_tuned,ML,store_service,val,5707.417141844056,6356.998585633221,5.010856389643462,1.2010144580666795,0.0061170420012786,3,"Hyperparameters tuned with Optuna (tsa_final.ml_models.tune_hyperparameters), scored on a TimeSeriesFold at the train/val boundary -- the same 48h window later used to rank and select models. Wins validation, then frequently loses on test (status/03-ml-models.md).",True,21,
ridge_tuned,ML,store_service,test,10342.175413779109,11436.472749125222,10.189448873945388,2.1763088085405333,0.0040122920036083,3,"Hyperparameters tuned with Optuna (tsa_final.ml_models.tune_hyperparameters), scored on a TimeSeriesFold at the train/val boundary -- the same 48h window later used to rank and select models. Wins validation, then frequently loses on test (status/03-ml-models.md).",True,,27
lightgbm_tuned,ML,store_service,val,2723.6653288245584,3446.06195306856,2.331835453842096,0.5731421687878111,0.8132609580061398,3,"Hyperparameters tuned with Optuna (tsa_final.ml_models.tune_hyperparameters), scored on a TimeSeriesFold at the train/val boundary -- the same 48h window later used to rank and select models. Wins validation, then frequently loses on test (status/03-ml-models.md).",True,7,
lightgbm_tuned,ML,store_service,test,8411.53843303805,11222.500172615652,8.642501417835108,1.7700439658766876,1.0359837080031866,3,"Hyperparameters tuned with Optuna (tsa_final.ml_models.tune_hyperparameters), scored on a TimeSeriesFold at the train/val boundary -- the same 48h window later used to rank and select models. Wins validation, then frequently loses on test (status/03-ml-models.md).",True,,21
xgboost_tuned,ML,store_service,val,3281.087456708334,3976.6920654717615,2.853547876264198,0.6904407678207185,0.8371208749958896,3,"Hyperparameters tuned with Optuna (tsa_final.ml_models.tune_hyperparameters), scored on a TimeSeriesFold at the train/val boundary -- the same 48h window later used to rank and select models. Wins validation, then frequently loses on test (status/03-ml-models.md).",True,13,
xgboost_tuned,ML,store_service,test,6723.502951366667,8864.216406892272,6.858739330541508,1.414829870107643,0.8698636249973788,3,"Hyperparameters tuned with Optuna (tsa_final.ml_models.tune_hyperparameters), scored on a TimeSeriesFold at the train/val boundary -- the same 48h window later used to rank and select models. Wins validation, then frequently loses on test (status/03-ml-models.md).",True,,7
stacking_top3,ML,store_service,val,9327.313272019806,10198.413976202915,8.098171673279131,1.9627508934792168,3.5718472080043284,3,Built from the top-3 *_tuned models by validation MAE (notebooks/03_ml_models.ipynb): inherits their validation-window leakage and additionally selects its own members by the same validation MAE metric being scored.,True,29,
stacking_top3,ML,store_service,test,9412.957652400348,10616.507220045927,9.219856396693416,1.9807730804918096,4.017607750000025,3,Built from the top-3 *_tuned models by validation MAE (notebooks/03_ml_models.ipynb): inherits their validation-window leakage and additionally selects its own members by the same validation MAE metric being scored.,True,,25
lstm,DL,alb,val,75584.93593245432,81062.97524630571,3.18636141181292,1.909270056867436,38.96036472398555,4,,False,28,
lstm,DL,alb,test,309470.4133951011,317417.8526493224,12.399067766599584,7.817200431441414,3.9718706179992296,4,,False,,32
nbeats,DL,alb,val,38805.46467551879,45991.076296149,1.6323860791157605,0.980223252606907,45.36552867900173,4,,False,24,
nbeats,DL,alb,test,69030.02525947354,77685.20474181655,2.7598704506453378,1.7436934837186944,49.94754426799773,4,,False,,4
nhits,DL,alb,val,22021.711865445337,28544.654339322093,0.920452002507064,0.5562668612067163,21.407457435998367,4,,False,10,
nhits,DL,alb,test,96620.16915190162,109445.35617525892,3.8415283724668265,2.440618538276538,17.26875181600917,4,,False,,21
tcn,DL,alb,val,45631.826551013946,53990.52641883264,1.912766728869832,1.1526566636489095,23.593530511992867,4,,False,25,
tcn,DL,alb,test,132828.02791766793,150198.7030200992,5.278086514397439,3.3552264520351813,16.162367843993707,4,,False,,27
tft,DL,alb,val,60751.257262555446,84158.47573343877,2.5453610697912032,1.534572398289802,292.4125209479971,4,,False,27,
tft,DL,alb,test,109629.68989216328,129627.75889071546,4.367441744831091,2.76923809847269,195.667578255001,4,,False,,25
tide,DL,alb,val,31271.0728370808,40566.091890347205,1.306670359811315,0.7899050555167986,21.5929365530028,4,,False,20,
tide,DL,alb,test,70489.78438896892,81295.07209758536,2.8238298767091745,1.7805668945617628,18.555192688989337,4,,False,,5
lstm,DL,store_service,val,3458.52643225009,4246.678769786637,2.991986431801345,0.7277793344181714,91.74766185801128,4,,False,15,
lstm,DL,store_service,test,7928.912792913583,9509.181971493756,7.887748049572592,1.668484826739384,60.12578939901141,4,,False,,19
nbeats,DL,store_service,val,3031.391008254486,3657.003358879196,2.6231358401301708,0.6378970274092581,32.605452317002346,4,,False,9,
nbeats,DL,store_service,test,5927.844889057549,7962.631275444884,6.044541017733831,1.2473991719894713,21.291517172008756,4,,False,,4
nhits,DL,store_service,val,3276.3731511880133,4119.295104460357,2.832438591785664,0.689448734305569,17.69471653799701,4,,False,12,
nhits,DL,store_service,test,7119.142658662639,9136.559210308831,7.227781056018026,1.4980845187233922,6.982475005002925,4,,False,,11
tcn,DL,store_service,val,3476.8948141740348,4380.134373773855,3.023423463071368,0.7316446016158693,35.37200426000345,4,,False,16,
tcn,DL,store_service,test,7223.686889787576,8959.514187963732,7.214041297100612,1.5200838101660965,29.009829354996327,4,,False,,13
tft,DL,store_service,val,5147.346402069663,6355.183307964284,4.449042685065257,1.0831585103950832,271.6177853499976,4,,False,20,
tft,DL,store_service,test,9260.535195137414,11268.52509725092,9.11061071252322,1.94869875153402,175.47366576999775,4,,False,,24
tide,DL,store_service,val,4094.987239121249,4859.291017346901,3.533977482950495,0.8617100796305446,15.88523489999352,4,,False,19,
tide,DL,store_service,test,7909.85074633833,9723.84211036974,7.867805582600564,1.6644735913647395,10.676669712993316,4,,False,,17
prophet_default,Prophet,alb,val,21066.96339326963,26443.152079777443,0.8976794610924216,0.5321499833225569,0.3215416080056457,5,,False,8,
prophet_default,Prophet,alb,test,81749.89756883851,91458.669193317,3.246019390372616,2.0649965453386767,0.4745461260026786,5,,False,,13
prophet_tuned,Prophet,alb,val,26085.27751999308,31278.69695450952,1.112473121571997,0.6589122379955009,4.692455758995493,5,,False,16,
prophet_tuned,Prophet,alb,test,62468.360529198944,68940.14885165355,2.4987489149403386,1.5779463035674546,0.1052992390032159,5,,False,,2
neuralprophet,Prophet,alb,val,29444.69270833333,35506.98926112045,1.2522221939426903,0.7437708245452807,9.742300814003102,5,,False,18,
neuralprophet,Prophet,alb,test,72996.75476190477,81055.27017605759,2.9063499721859305,1.8438927862550176,10.33328682600404,5,,False,,6
mstl_lightgbm,Hybrid,alb,val,28341.136251090837,40502.239368546485,1.1815692143582044,0.7158950676383925,0.1027498220064444,5,,False,17,
mstl_lightgbm,Hybrid,alb,test,226471.2323975722,257987.70352375135,8.995085852431249,5.720647076356008,0.1020620029885321,5,,False,,30
autogluon_timeseries,AutoML,alb,val,19748.52500000005,24007.37130915599,0.834968958464033,0.4988463241338591,161.8121503850125,5,,False,7,
autogluon_timeseries,AutoML,alb,test,78152.68317597154,86281.97913498222,3.11419826885918,1.974131167949576,140.03101014799904,5,,False,,9
autots,AutoML,alb,val,29913.83333333333,35625.784813577564,1.2468571650074405,0.7556212830622134,29.39260307099903,5,,False,19,
autots,AutoML,alb,test,77200.09369321402,83705.32740791675,3.0807616197362235,1.9500688259831676,11.405404627003008,5,,False,,8
chronos_bolt_base,Foundation,alb,val,23678.744791666668,28134.364835677938,0.9887727151444524,0.5981233939965971,1.5592748930066591,5,,False,13,
chronos_bolt_base,Foundation,alb,test,79453.51904761905,87364.35005846547,3.1680573002861605,2.006990188705446,0.0002257649903185,5,,False,,11
ensemble_equal_weight,Ensemble,alb,val,16006.287800748743,21549.69740266252,0.6684884706919613,0.4043176810638831,162.15738638500625,5,"Equal-weight average of the best-by-validation-MAE model from phases 02/03/04 (status/05-hybrid-automl-foundation.md): its members are chosen using the same validation MAE metric this table ranks models by, so its own validation score is optimistic.",True,2,
ensemble_equal_weight,Ensemble,alb,test,93116.04082797072,103540.96975201972,3.705963636883368,2.3521045083079075,173.18623646299238,5,"Equal-weight average of the best-by-validation-MAE model from phases 02/03/04 (status/05-hybrid-automl-foundation.md): its members are chosen using the same validation MAE metric this table ranks models by, so its own validation score is optimistic.",True,,19
prophet_default,Prophet,store_service,val,2405.8787887115213,2903.1725497572884,2.0331024861732114,0.506270198548147,0.2147478389961179,5,,False,3,
prophet_default,Prophet,store_service,test,5145.673301252987,6982.497743346639,5.250498430918008,1.082806439007853,0.2342111449979711,5,,False,,2
prophet_tuned,Prophet,store_service,val,2432.333514495184,3087.073213110532,2.027127424040545,0.5118370788655899,5.242775801001699,5,,False,5,
prophet_tuned,Prophet,store_service,test,5439.472254951927,7351.352118664885,5.569797449279252,1.144630690221298,0.3748212049977155,5,,False,,3
neuralprophet,Prophet,store_service,val,3297.5384658229173,3824.095430243821,2.905853597186861,0.6939025613615385,9.975554410004406,5,,False,14,
neuralprophet,Prophet,store_service,test,5090.391319466666,7096.465868212457,5.187711757812314,1.0711734257295384,10.544957242993403,5,,False,,1
mstl_lightgbm,Hybrid,store_service,val,8779.7298075086,9636.70435746063,7.615280012094288,1.8475226489805647,0.0868206629966152,5,,False,28,
mstl_lightgbm,Hybrid,store_service,test,14729.51763105112,15960.234689788796,14.419239800197047,3.099539282934688,0.10012777299562,5,,False,,32
autogluon_timeseries,AutoML,store_service,val,3808.364708385817,4432.754937364685,3.4130888995728275,0.8013959664571569,119.65184870800294,5,,False,17,
autogluon_timeseries,AutoML,store_service,test,8677.168053080428,9922.756585960797,8.57411728161511,1.825940531036209,147.20899663199089,5,,False,,22
autots,AutoML,store_service,val,2412.9668090440723,3065.937768919648,2.0861099513366703,0.5077617339812333,10.118911300000036,5,,False,4,
autots,AutoML,store_service,test,7582.504452245322,10506.845932537944,7.759077693546655,1.595589957624728,13.751754595999955,5,,False,,14
chronos_bolt_base,Foundation,store_service,val,3877.7293837916673,4422.0093434553455,3.3479281844452404,0.8159924075391928,0.0003672320017358,5,,False,18,
chronos_bolt_base,Foundation,store_service,test,7949.651760890477,9257.786182180304,7.896357978234852,1.6728489374687403,0.0002020149986492,5,,False,,20
ensemble_equal_weight,Ensemble,store_service,val,2281.636636781272,2872.9479651462048,1.984649125562824,0.4801258644192182,11.28588166499685,5,"Equal-weight average of the best-by-validation-MAE model from phases 02/03/04 (status/05-hybrid-automl-foundation.md): its members are chosen using the same validation MAE metric this table ranks models by, so its own validation score is optimistic.",True,1,
ensemble_equal_weight,Ensemble,store_service,test,7661.021691188295,9200.595607076712,7.648020156592188,1.612112376931812,9.365013126996928,5,"Equal-weight average of the best-by-validation-MAE model from phases 02/03/04 (status/05-hybrid-automl-foundation.md): its members are chosen using the same validation MAE metric this table ranks models by, so its own validation score is optimistic.",True,,15
