timestamp,series,model,role,yhat,lower_80,upper_80,lower_95,upper_95
2026-09-26 23:00:00+00:00,alb,auto_arima,selected,2588707.0319980164,2521723.259332377,2655690.804663656,2486264.192003918,2691149.871992115
2026-09-27 00:00:00+00:00,alb,auto_arima,selected,2560148.7601929395,2483957.9181812517,2636339.6022046274,2443624.922752789,2676672.59763309
2026-09-27 01:00:00+00:00,alb,auto_arima,selected,2519250.722719518,2441705.6621223493,2596795.7833166867,2400655.7866781894,2637845.6587608466
2026-09-27 02:00:00+00:00,alb,auto_arima,selected,2473304.936438131,2394421.319373509,2552188.5535027534,2352662.8549381117,2593947.0179381506
2026-09-27 03:00:00+00:00,alb,auto_arima,selected,2421855.8765649013,2342028.2321589505,2501683.520970852,2299770.029835944,2543941.7232938586
2026-09-27 04:00:00+00:00,alb,auto_arima,selected,2392833.7079268647,2312118.6786617506,2473548.737191979,2269390.723169952,2516276.6926837773
2026-09-27 05:00:00+00:00,alb,auto_arima,selected,2381720.679240639,2299942.4546459895,2463498.9038352882,2256651.677544224,2506789.6809370536
2026-09-27 06:00:00+00:00,alb,auto_arima,selected,2372247.4335472705,2289417.3822420565,2455077.4848524844,2245569.8017136776,2498925.0653808634
2026-09-27 07:00:00+00:00,alb,auto_arima,selected,2363844.034250962,2280038.624210925,2447649.4442909993,2235674.7199570937,2492013.3485448305
2026-09-27 08:00:00+00:00,alb,auto_arima,selected,2351956.427094284,2267245.9663128173,2436666.8878757507,2222402.95713702,2481509.897051548
2026-09-27 09:00:00+00:00,alb,auto_arima,selected,2360370.1587222223,2274829.532048937,2445910.7853955077,2229547.059595985,2491193.2578484598
2026-09-27 10:00:00+00:00,alb,auto_arima,selected,2375475.1763140447,2289169.472716405,2461780.8799116844,2243481.993004344,2507468.3596237455
2026-09-27 11:00:00+00:00,alb,auto_arima,selected,2425136.1172247217,2338119.144906316,2512153.0895431275,2292055.1422775155,2558217.092171928
2026-09-27 12:00:00+00:00,alb,auto_arima,selected,2470044.1754753166,2382364.4810761577,2557723.8698744755,2335949.6545694787,2604138.6963811545
2026-09-27 13:00:00+00:00,alb,auto_arima,selected,2525876.153549566,2437578.4580884315,2614173.8490107004,2390836.481581184,2660915.825517948
2026-09-27 14:00:00+00:00,alb,auto_arima,selected,2556399.30353258,2467525.030071485,2645273.576993675,2420477.8316081264,2692320.7754570334
2026-09-27 15:00:00+00:00,alb,auto_arima,selected,2574859.647167183,2485447.4578483757,2664271.8364859903,2438115.5039307238,2711603.790403642
2026-09-27 16:00:00+00:00,alb,auto_arima,selected,2594392.694446776,2504478.567424592,2684306.82146896,2456880.9037370896,2731904.4851564625
2026-09-27 17:00:00+00:00,alb,auto_arima,selected,2601354.0406892104,2510971.3639249573,2691736.7174534635,2463125.664986683,2739582.4163917378
2026-09-27 18:00:00+00:00,alb,auto_arima,selected,2623722.144538268,2532901.91029664,2714542.378779896,2484824.582421492,2762619.706655044
2026-09-27 19:00:00+00:00,alb,auto_arima,selected,2625308.861649071,2534079.8547609476,2716537.868537194,2485786.13571795,2764831.587580192
2026-09-27 20:00:00+00:00,alb,auto_arima,selected,2631566.6959498064,2539955.67342462,2723177.7184749926,2491459.7275189655,2771673.6643806472
2026-09-27 21:00:00+00:00,alb,auto_arima,selected,2650629.060332607,2558660.918363344,2742597.20230187,2509975.9248435,2791282.195821714
2026-09-27 22:00:00+00:00,alb,auto_arima,selected,2619296.4678114136,2526994.3881385922,2711598.547484235,2478132.6186767137,2760460.3169461135
2026-09-27 23:00:00+00:00,alb,auto_arima,selected,2597487.641833237,2500437.8126320164,2694537.4710344574,2449062.7363872174,2745912.5472792564
2026-09-28 00:00:00+00:00,alb,auto_arima,selected,2570217.387393719,2471228.817902888,2669205.95688455,2418827.434543307,2721607.340244131
2026-09-28 01:00:00+00:00,alb,auto_arima,selected,2527379.922102795,2427672.082658547,2627087.761547043,2374889.9407855137,2679869.9034200762
2026-09-28 02:00:00+00:00,alb,auto_arima,selected,2476145.1665123967,2375747.829638406,2576542.503386387,2322600.6898739277,2629689.6431508656
2026-09-28 03:00:00+00:00,alb,auto_arima,selected,2423220.253095251,2322245.2446593908,2524195.2615311113,2268792.3040420944,2577648.2021484077
2026-09-28 04:00:00+00:00,alb,auto_arima,selected,2394964.8642523102,2293447.9876417494,2496481.740862871,2239708.199339929,2550221.5291646915
2026-09-28 05:00:00+00:00,alb,auto_arima,selected,2385222.200007867,2283145.461662725,2487298.938353009,2229109.300461154,2541335.09955458
2026-09-28 06:00:00+00:00,alb,auto_arima,selected,2375290.035873191,2272676.200706294,2477903.871040088,2218355.717621875,2532224.354124507
2026-09-28 07:00:00+00:00,alb,auto_arima,selected,2365927.7090219343,2262812.272479681,2469043.145564188,2208226.257666711,2523629.1603771574
2026-09-28 08:00:00+00:00,alb,auto_arima,selected,2351217.466456789,2247633.480568668,2454801.4523449102,2192799.430714662,2509635.502198916
2026-09-28 09:00:00+00:00,alb,auto_arima,selected,2358640.037380214,2254620.5171344522,2462659.5576259755,2199555.909318468,2517724.1654419596
2026-09-28 10:00:00+00:00,alb,auto_arima,selected,2369919.8129301984,2265494.667974361,2474344.9578860356,2210215.3354074075,2529624.2904529893
2026-09-28 11:00:00+00:00,alb,auto_arima,selected,2422375.9905882515,2317571.712635351,2527180.268541152,2262091.6791831776,2582660.3019933254
2026-09-28 12:00:00+00:00,alb,auto_arima,selected,2470811.1641101222,2365652.191325142,2575970.1368951024,2309984.39377084,2631637.9344494045
2026-09-28 13:00:00+00:00,alb,auto_arima,selected,2531087.9429693255,2425597.0270488462,2636578.8588898047,2369753.5094130607,2692422.37652559
2026-09-28 14:00:00+00:00,alb,auto_arima,selected,2558936.508525921,2453134.8806544105,2664738.1363974316,2397126.8820472956,2720746.1350045465
2026-09-28 15:00:00+00:00,alb,auto_arima,selected,2577920.345144023,2471827.8828958278,2684012.8073922186,2415665.9258696227,2740174.7644184236
2026-09-28 16:00:00+00:00,alb,auto_arima,selected,2593971.623177201,2487606.911963898,2700336.334390504,2431300.8350411914,2756642.4113132106
2026-09-28 17:00:00+00:00,alb,auto_arima,selected,2598458.6293102605,2491839.0248204633,2705078.233800058,2435398.0155478287,2761519.2430726923
2026-09-28 18:00:00+00:00,alb,auto_arima,selected,2614280.9634753675,2507422.674473834,2721139.252476901,2450855.313253032,2777706.613697703
2026-09-28 19:00:00+00:00,alb,auto_arima,selected,2620556.73057854,2513474.898185509,2727638.562971571,2456789.20024143,2784324.2609156496
2026-09-28 20:00:00+00:00,alb,auto_arima,selected,2624771.540343595,2517480.313337147,2732062.7673500436,2460683.7685804763,2788859.312106714
2026-09-28 21:00:00+00:00,alb,auto_arima,selected,2652429.410910011,2544942.016230497,2759916.8055895246,2488041.626580503,2816817.195239519
2026-09-28 22:00:00+00:00,alb,auto_arima,selected,2622236.1985680643,2514565.005254271,2729907.3918818575,2457567.3184845652,2786905.0786515633
2026-09-26 23:00:00+00:00,alb,average,worst,2258354.1877258187,2285462.7141472236,2509325.0141472234,2266793.0891472236,2524272.0891472236
2026-09-27 00:00:00+00:00,alb,average,worst,2258354.1877258187,2285462.7141472236,2509325.0141472234,2266793.0891472236,2524272.0891472236
2026-09-27 01:00:00+00:00,alb,average,worst,2258354.1877258187,2285462.7141472236,2509325.0141472234,2266793.0891472236,2524272.0891472236
2026-09-27 02:00:00+00:00,alb,average,worst,2258354.1877258187,2285462.7141472236,2509325.0141472234,2266793.0891472236,2524272.0891472236
2026-09-27 03:00:00+00:00,alb,average,worst,2258354.1877258187,2285462.7141472236,2509325.0141472234,2266793.0891472236,2524272.0891472236
2026-09-27 04:00:00+00:00,alb,average,worst,2258354.1877258187,2285462.7141472236,2509325.0141472234,2266793.0891472236,2524272.0891472236
2026-09-27 05:00:00+00:00,alb,average,worst,2258354.1877258187,2285462.7141472236,2509325.0141472234,2266793.0891472236,2524272.0891472236
2026-09-27 06:00:00+00:00,alb,average,worst,2258354.1877258187,2285462.7141472236,2509325.0141472234,2266793.0891472236,2524272.0891472236
2026-09-27 07:00:00+00:00,alb,average,worst,2258354.1877258187,2285462.7141472236,2509325.0141472234,2266793.0891472236,2524272.0891472236
2026-09-27 08:00:00+00:00,alb,average,worst,2258354.1877258187,2285462.7141472236,2509325.0141472234,2266793.0891472236,2524272.0891472236
2026-09-27 09:00:00+00:00,alb,average,worst,2258354.1877258187,2285462.7141472236,2509325.0141472234,2266793.0891472236,2524272.0891472236
2026-09-27 10:00:00+00:00,alb,average,worst,2258354.1877258187,2285462.7141472236,2509325.0141472234,2266793.0891472236,2524272.0891472236
2026-09-27 11:00:00+00:00,alb,average,worst,2258354.1877258187,2285462.7141472236,2509325.0141472234,2266793.0891472236,2524272.0891472236
2026-09-27 12:00:00+00:00,alb,average,worst,2258354.1877258187,2285462.7141472236,2509325.0141472234,2266793.0891472236,2524272.0891472236
2026-09-27 13:00:00+00:00,alb,average,worst,2258354.1877258187,2285462.7141472236,2509325.0141472234,2266793.0891472236,2524272.0891472236
2026-09-27 14:00:00+00:00,alb,average,worst,2258354.1877258187,2285462.7141472236,2509325.0141472234,2266793.0891472236,2524272.0891472236
2026-09-27 15:00:00+00:00,alb,average,worst,2258354.1877258187,2285462.7141472236,2509325.0141472234,2266793.0891472236,2524272.0891472236
2026-09-27 16:00:00+00:00,alb,average,worst,2258354.1877258187,2285462.7141472236,2509325.0141472234,2266793.0891472236,2524272.0891472236
2026-09-27 17:00:00+00:00,alb,average,worst,2258354.1877258187,2285462.7141472236,2509325.0141472234,2266793.0891472236,2524272.0891472236
2026-09-27 18:00:00+00:00,alb,average,worst,2258354.1877258187,2285462.7141472236,2509325.0141472234,2266793.0891472236,2524272.0891472236
2026-09-27 19:00:00+00:00,alb,average,worst,2258354.1877258187,2285462.7141472236,2509325.0141472234,2266793.0891472236,2524272.0891472236
2026-09-27 20:00:00+00:00,alb,average,worst,2258354.1877258187,2285462.7141472236,2509325.0141472234,2266793.0891472236,2524272.0891472236
2026-09-27 21:00:00+00:00,alb,average,worst,2258354.1877258187,2285462.7141472236,2509325.0141472234,2266793.0891472236,2524272.0891472236
2026-09-27 22:00:00+00:00,alb,average,worst,2258354.1877258187,2285462.7141472236,2509325.0141472234,2266793.0891472236,2524272.0891472236
2026-09-27 23:00:00+00:00,alb,average,worst,2258354.1877258187,2285462.7141472236,2509325.0141472234,2266793.0891472236,2524272.0891472236
2026-09-28 00:00:00+00:00,alb,average,worst,2258354.1877258187,2285462.7141472236,2509325.0141472234,2266793.0891472236,2524272.0891472236
2026-09-28 01:00:00+00:00,alb,average,worst,2258354.1877258187,2285462.7141472236,2509325.0141472234,2266793.0891472236,2524272.0891472236
2026-09-28 02:00:00+00:00,alb,average,worst,2258354.1877258187,2285462.7141472236,2509325.0141472234,2266793.0891472236,2524272.0891472236
2026-09-28 03:00:00+00:00,alb,average,worst,2258354.1877258187,2285462.7141472236,2509325.0141472234,2266793.0891472236,2524272.0891472236
2026-09-28 04:00:00+00:00,alb,average,worst,2258354.1877258187,2285462.7141472236,2509325.0141472234,2266793.0891472236,2524272.0891472236
2026-09-28 05:00:00+00:00,alb,average,worst,2258354.1877258187,2285462.7141472236,2509325.0141472234,2266793.0891472236,2524272.0891472236
2026-09-28 06:00:00+00:00,alb,average,worst,2258354.1877258187,2285462.7141472236,2509325.0141472234,2266793.0891472236,2524272.0891472236
2026-09-28 07:00:00+00:00,alb,average,worst,2258354.1877258187,2285462.7141472236,2509325.0141472234,2266793.0891472236,2524272.0891472236
2026-09-28 08:00:00+00:00,alb,average,worst,2258354.1877258187,2285462.7141472236,2509325.0141472234,2266793.0891472236,2524272.0891472236
2026-09-28 09:00:00+00:00,alb,average,worst,2258354.1877258187,2285462.7141472236,2509325.0141472234,2266793.0891472236,2524272.0891472236
2026-09-28 10:00:00+00:00,alb,average,worst,2258354.1877258187,2285462.7141472236,2509325.0141472234,2266793.0891472236,2524272.0891472236
2026-09-28 11:00:00+00:00,alb,average,worst,2258354.1877258187,2285462.7141472236,2509325.0141472234,2266793.0891472236,2524272.0891472236
2026-09-28 12:00:00+00:00,alb,average,worst,2258354.1877258187,2285462.7141472236,2509325.0141472234,2266793.0891472236,2524272.0891472236
2026-09-28 13:00:00+00:00,alb,average,worst,2258354.1877258187,2285462.7141472236,2509325.0141472234,2266793.0891472236,2524272.0891472236
2026-09-28 14:00:00+00:00,alb,average,worst,2258354.1877258187,2285462.7141472236,2509325.0141472234,2266793.0891472236,2524272.0891472236
2026-09-28 15:00:00+00:00,alb,average,worst,2258354.1877258187,2285462.7141472236,2509325.0141472234,2266793.0891472236,2524272.0891472236
2026-09-28 16:00:00+00:00,alb,average,worst,2258354.1877258187,2285462.7141472236,2509325.0141472234,2266793.0891472236,2524272.0891472236
2026-09-28 17:00:00+00:00,alb,average,worst,2258354.1877258187,2285462.7141472236,2509325.0141472234,2266793.0891472236,2524272.0891472236
2026-09-28 18:00:00+00:00,alb,average,worst,2258354.1877258187,2285462.7141472236,2509325.0141472234,2266793.0891472236,2524272.0891472236
2026-09-28 19:00:00+00:00,alb,average,worst,2258354.1877258187,2285462.7141472236,2509325.0141472234,2266793.0891472236,2524272.0891472236
2026-09-28 20:00:00+00:00,alb,average,worst,2258354.1877258187,2285462.7141472236,2509325.0141472234,2266793.0891472236,2524272.0891472236
2026-09-28 21:00:00+00:00,alb,average,worst,2258354.1877258187,2285462.7141472236,2509325.0141472234,2266793.0891472236,2524272.0891472236
2026-09-28 22:00:00+00:00,alb,average,worst,2258354.1877258187,2285462.7141472236,2509325.0141472234,2266793.0891472236,2524272.0891472236
2026-09-26 23:00:00+00:00,alb,"SARIMA(1,1,1)x(1,1,1,24)",tp1_foundational,2598119.5129116382,2510854.236156884,2685384.7896663924,2464658.78909944,2731580.2367238365
2026-09-27 00:00:00+00:00,alb,"SARIMA(1,1,1)x(1,1,1,24)",tp1_foundational,2567381.4687385503,2466720.2334084786,2668042.704068622,2413433.3942399547,2721329.543237146
2026-09-27 01:00:00+00:00,alb,"SARIMA(1,1,1)x(1,1,1,24)",tp1_foundational,2524777.26250997,2417037.9378950237,2632516.5871249163,2360004.184593102,2689550.340426838
2026-09-27 02:00:00+00:00,alb,"SARIMA(1,1,1)x(1,1,1,24)",tp1_foundational,2472985.6742083794,2359804.381475516,2586166.9669412426,2299889.82426821,2646081.5241485485
2026-09-27 03:00:00+00:00,alb,"SARIMA(1,1,1)x(1,1,1,24)",tp1_foundational,2420655.76831237,2302623.937015061,2538687.599609679,2240141.6597960065,2601169.8768287334
2026-09-27 04:00:00+00:00,alb,"SARIMA(1,1,1)x(1,1,1,24)",tp1_foundational,2390588.588689373,2267999.87091596,2513177.3064627857,2203105.3237106972,2578071.8536680485
2026-09-27 05:00:00+00:00,alb,"SARIMA(1,1,1)x(1,1,1,24)",tp1_foundational,2379584.849917393,2252633.7058386947,2506535.9939960917,2185429.829643459,2573739.8701913273
2026-09-27 06:00:00+00:00,alb,"SARIMA(1,1,1)x(1,1,1,24)",tp1_foundational,2371149.414495331,2239990.3592760083,2502308.469714653,2170558.949478084,2571739.8795125773
2026-09-27 07:00:00+00:00,alb,"SARIMA(1,1,1)x(1,1,1,24)",tp1_foundational,2362307.7427078686,2227074.5672327764,2497540.9181829607,2155486.4484484126,2569129.0369673246
2026-09-27 08:00:00+00:00,alb,"SARIMA(1,1,1)x(1,1,1,24)",tp1_foundational,2349219.687854001,2210032.494108476,2488406.8815995255,2136351.244488245,2562088.131219757
2026-09-27 09:00:00+00:00,alb,"SARIMA(1,1,1)x(1,1,1,24)",tp1_foundational,2356563.3374734223,2213531.667958382,2499595.0069884625,2137815.275799459,2575311.3991473857
2026-09-27 10:00:00+00:00,alb,"SARIMA(1,1,1)x(1,1,1,24)",tp1_foundational,2370441.810413802,2223666.414583044,2517217.20624456,2145968.2134246347,2594915.4074029694
2026-09-27 11:00:00+00:00,alb,"SARIMA(1,1,1)x(1,1,1,24)",tp1_foundational,2423770.1953932117,2273344.243013724,2574196.147772699,2193713.5539512075,2653826.836835216
2026-09-27 12:00:00+00:00,alb,"SARIMA(1,1,1)x(1,1,1,24)",tp1_foundational,2470634.5368613573,2316644.553627581,2624624.5200951337,2235127.180596788,2706141.8931259266
2026-09-27 13:00:00+00:00,alb,"SARIMA(1,1,1)x(1,1,1,24)",tp1_foundational,2529371.6441623108,2371898.27524787,2686845.0130767515,2288536.9092249507,2770206.379099671
2026-09-27 14:00:00+00:00,alb,"SARIMA(1,1,1)x(1,1,1,24)",tp1_foundational,2555850.61872946,2394969.2691502357,2716731.9683086844,2309803.827139392,2801897.410319528
2026-09-27 15:00:00+00:00,alb,"SARIMA(1,1,1)x(1,1,1,24)",tp1_foundational,2575568.2825499317,2411349.6621487713,2739786.902951092,2324417.5756797385,2826718.989420125
2026-09-27 16:00:00+00:00,alb,"SARIMA(1,1,1)x(1,1,1,24)",tp1_foundational,2594151.6632442516,2426662.254908245,2761641.071580258,2337998.717895545,2850304.608592958
2026-09-27 17:00:00+00:00,alb,"SARIMA(1,1,1)x(1,1,1,24)",tp1_foundational,2597857.3246091167,2427159.7894339906,2768554.8597842427,2336797.972658005,2858916.676560228
2026-09-27 18:00:00+00:00,alb,"SARIMA(1,1,1)x(1,1,1,24)",tp1_foundational,2615569.394878978,2441722.9249050664,2789415.8648528894,2349694.1627391814,2881444.6270187744
2026-09-27 19:00:00+00:00,alb,"SARIMA(1,1,1)x(1,1,1,24)",tp1_foundational,2618198.302483497,2441258.929451109,2795137.6755158855,2347592.8833069326,2888803.7216600617
2026-09-27 20:00:00+00:00,alb,"SARIMA(1,1,1)x(1,1,1,24)",tp1_foundational,2624169.9791610516,2444190.846105193,2804149.1122169103,2348915.6482061185,2899424.3101159846
2026-09-27 21:00:00+00:00,alb,"SARIMA(1,1,1)x(1,1,1,24)",tp1_foundational,2648372.430773366,2465404.032021287,2831340.8295254447,2368546.412449519,2928198.4490972124
2026-09-27 22:00:00+00:00,alb,"SARIMA(1,1,1)x(1,1,1,24)",tp1_foundational,2619190.4248983134,2433280.8190458063,2805100.0307508204,2334866.218485201,2903514.631311426
2026-09-27 23:00:00+00:00,alb,"SARIMA(1,1,1)x(1,1,1,24)",tp1_foundational,2599057.9896103786,2401907.460626273,2796208.5185944843,2297542.2748075477,2900573.7044132096
2026-09-28 00:00:00+00:00,alb,"SARIMA(1,1,1)x(1,1,1,24)",tp1_foundational,2571209.0107401544,2367385.0185180493,2775033.0029622596,2259487.1146565313,2882930.9068237776
2026-09-28 01:00:00+00:00,alb,"SARIMA(1,1,1)x(1,1,1,24)",tp1_foundational,2528598.530567847,2319353.2378537734,2737843.823281921,2208585.470867166,2848611.5902685286
2026-09-28 02:00:00+00:00,alb,"SARIMA(1,1,1)x(1,1,1,24)",tp1_foundational,2475088.884510107,2260863.31993037,2689314.449089844,2147459.156270794,2802718.6127494196
2026-09-28 03:00:00+00:00,alb,"SARIMA(1,1,1)x(1,1,1,24)",tp1_foundational,2419537.646049083,2200537.5378852547,2638537.7542129117,2084605.8835264598,2754469.4085717066
2026-09-28 04:00:00+00:00,alb,"SARIMA(1,1,1)x(1,1,1,24)",tp1_foundational,2390533.8461972615,2166889.6620675027,2614178.03032702,2048499.5823946192,2732568.109999904
2026-09-28 05:00:00+00:00,alb,"SARIMA(1,1,1)x(1,1,1,24)",tp1_foundational,2382101.1101421295,2153916.2111182567,2610286.0091660023,2033122.4221775562,2731079.7981067025
2026-09-28 06:00:00+00:00,alb,"SARIMA(1,1,1)x(1,1,1,24)",tp1_foundational,2371689.589589626,2139055.344100351,2604323.835078901,2015906.213416332,2727472.96576292
2026-09-28 07:00:00+00:00,alb,"SARIMA(1,1,1)x(1,1,1,24)",tp1_foundational,2360475.336552123,2123476.118747533,2597474.5543567133,1998016.3112972432,2722934.361807003
2026-09-28 08:00:00+00:00,alb,"SARIMA(1,1,1)x(1,1,1,24)",tp1_foundational,2343434.309941114,2102149.3390046954,2584719.2808775324,1974420.7908907046,2712447.8289915235
2026-09-28 09:00:00+00:00,alb,"SARIMA(1,1,1)x(1,1,1,24)",tp1_foundational,2350520.2246389333,2105024.391272513,2596016.0580053534,1975066.74723761,2725973.702040257
2026-09-28 10:00:00+00:00,alb,"SARIMA(1,1,1)x(1,1,1,24)",tp1_foundational,2360111.7428064244,2110476.0918947924,2609747.3937180564,1978326.9608292026,2741896.524783646
2026-09-28 11:00:00+00:00,alb,"SARIMA(1,1,1)x(1,1,1,24)",tp1_foundational,2408847.5338479355,2155139.6149940193,2662555.4527018517,2020834.7554975187,2796860.3121983525
2026-09-28 12:00:00+00:00,alb,"SARIMA(1,1,1)x(1,1,1,24)",tp1_foundational,2459248.1266271826,2201532.2818206763,2716963.971433689,2065105.7544851643,2853390.498769201
2026-09-28 13:00:00+00:00,alb,"SARIMA(1,1,1)x(1,1,1,24)",tp1_foundational,2525575.1926310062,2263912.8055278705,2787237.579734142,2125397.1048979643,2925753.280364048
2026-09-28 14:00:00+00:00,alb,"SARIMA(1,1,1)x(1,1,1,24)",tp1_foundational,2554738.3721761415,2289188.089078873,2820288.65527341,2148614.260631799,2960862.4837204837
2026-09-28 15:00:00+00:00,alb,"SARIMA(1,1,1)x(1,1,1,24)",tp1_foundational,2574208.097736804,2304826.025505188,2843590.1699684197,2162223.770418404,2986192.4250552035
2026-09-28 16:00:00+00:00,alb,"SARIMA(1,1,1)x(1,1,1,24)",tp1_foundational,2592206.116597733,2319046.000890282,2865366.232305184,2174443.770396794,3009968.462798672
2026-09-28 17:00:00+00:00,alb,"SARIMA(1,1,1)x(1,1,1,24)",tp1_foundational,2593996.1385707846,2317109.524985706,2870882.752155863,2170534.6056769476,3017457.6714646216
2026-09-28 18:00:00+00:00,alb,"SARIMA(1,1,1)x(1,1,1,24)",tp1_foundational,2609419.560202824,2328855.940411192,2889983.179994456,2180334.5315952487,3038504.588810399
2026-09-28 19:00:00+00:00,alb,"SARIMA(1,1,1)x(1,1,1,24)",tp1_foundational,2612172.4953842945,2327979.4400185253,2896365.5507500637,2177536.724067046,3046808.2667015432
2026-09-28 20:00:00+00:00,alb,"SARIMA(1,1,1)x(1,1,1,24)",tp1_foundational,2618751.0484628333,2330974.3282689573,2906527.768656709,2178634.534751292,3058867.5621743747
2026-09-28 21:00:00+00:00,alb,"SARIMA(1,1,1)x(1,1,1,24)",tp1_foundational,2652960.2812630543,2361643.977817958,2944276.5847081505,2207430.4421113273,3098490.1204147814
2026-09-28 22:00:00+00:00,alb,"SARIMA(1,1,1)x(1,1,1,24)",tp1_foundational,2622289.521688188,2327476.1288101296,2917102.9145662463,2171411.3457831056,3073167.6975932703
2026-09-26 23:00:00+00:00,alb,chronos_bolt_base,foundation_model,2619017.75,2588563.0,2646934.5,,
2026-09-27 00:00:00+00:00,alb,chronos_bolt_base,foundation_model,2591100.75,2554301.25,2621555.5,,
2026-09-27 01:00:00+00:00,alb,chronos_bolt_base,foundation_model,2549225.5,2512426.0,2586025.0,,
2026-09-27 02:00:00+00:00,alb,chronos_bolt_base,foundation_model,2494660.75,2457861.25,2530191.25,,
2026-09-27 03:00:00+00:00,alb,chronos_bolt_base,foundation_model,2443903.0,2405834.5,2478164.5,,
2026-09-27 04:00:00+00:00,alb,chronos_bolt_base,foundation_model,2407737.75,2369669.5,2442634.0,,
2026-09-27 05:00:00+00:00,alb,chronos_bolt_base,foundation_model,2388069.25,2347462.75,2423599.75,,
2026-09-27 06:00:00+00:00,alb,chronos_bolt_base,foundation_model,2378552.0,2334773.25,2418524.0,,
2026-09-27 07:00:00+00:00,alb,chronos_bolt_base,foundation_model,2366497.0,2319863.25,2407737.75,,
2026-09-27 08:00:00+00:00,alb,chronos_bolt_base,foundation_model,2357614.5,2309394.5,2401393.0,,
2026-09-27 09:00:00+00:00,alb,chronos_bolt_base,foundation_model,2359517.75,2310663.25,2403931.0,,
2026-09-27 10:00:00+00:00,alb,chronos_bolt_base,foundation_model,2376648.75,2326208.0,2422330.75,,
2026-09-27 11:00:00+00:00,alb,chronos_bolt_base,foundation_model,2420427.25,2364593.75,2471819.75,,
2026-09-27 12:00:00+00:00,alb,chronos_bolt_base,foundation_model,2468013.0,2405834.5,2521308.75,,
2026-09-27 13:00:00+00:00,alb,chronos_bolt_base,foundation_model,2511157.0,2445171.75,2568259.75,,
2026-09-27 14:00:00+00:00,alb,chronos_bolt_base,foundation_model,2547956.5,2480702.25,2608866.0,,
2026-09-27 15:00:00+00:00,alb,chronos_bolt_base,foundation_model,2577142.5,2504812.25,2639320.75,,
2026-09-27 16:00:00+00:00,alb,chronos_bolt_base,foundation_model,2596176.5,2520039.75,2659624.0,,
2026-09-27 17:00:00+00:00,alb,chronos_bolt_base,foundation_model,2598714.5,2523846.5,2667237.75,,
2026-09-27 18:00:00+00:00,alb,chronos_bolt_base,foundation_model,2606328.25,2527653.5,2672313.5,,
2026-09-27 19:00:00+00:00,alb,chronos_bolt_base,foundation_model,2608866.0,2528922.5,2679927.25,,
2026-09-27 20:00:00+00:00,alb,chronos_bolt_base,foundation_model,2611404.0,2531460.25,2682465.0,,
2026-09-27 21:00:00+00:00,alb,chronos_bolt_base,foundation_model,2611404.0,2528922.5,2682465.0,,
2026-09-27 22:00:00+00:00,alb,chronos_bolt_base,foundation_model,2598714.5,2518770.75,2669775.5,,
2026-09-27 23:00:00+00:00,alb,chronos_bolt_base,foundation_model,2586025.0,2506081.25,2657086.0,,
2026-09-28 00:00:00+00:00,alb,chronos_bolt_base,foundation_model,2560646.0,2480702.25,2629169.25,,
2026-09-28 01:00:00+00:00,alb,chronos_bolt_base,foundation_model,2522577.5,2445171.75,2591100.75,,
2026-09-28 02:00:00+00:00,alb,chronos_bolt_base,foundation_model,2470550.75,2398855.25,2536536.0,,
2026-09-28 03:00:00+00:00,alb,chronos_bolt_base,foundation_model,2424868.75,2356980.0,2487047.0,,
2026-09-28 04:00:00+00:00,alb,chronos_bolt_base,foundation_model,2393145.0,2326842.5,2455323.5,,
2026-09-28 05:00:00+00:00,alb,chronos_bolt_base,foundation_model,2376014.25,2308442.75,2438827.0,,
2026-09-28 06:00:00+00:00,alb,chronos_bolt_base,foundation_model,2371572.75,2300511.75,2433751.25,,
2026-09-28 07:00:00+00:00,alb,chronos_bolt_base,foundation_model,2360786.75,2289725.75,2424868.75,,
2026-09-28 08:00:00+00:00,alb,chronos_bolt_base,foundation_model,2355711.0,2285125.75,2421061.75,,
2026-09-28 09:00:00+00:00,alb,chronos_bolt_base,foundation_model,2362055.75,2289567.0,2428675.5,,
2026-09-28 10:00:00+00:00,alb,chronos_bolt_base,foundation_model,2384896.75,2310346.0,2451516.5,,
2026-09-28 11:00:00+00:00,alb,chronos_bolt_base,foundation_model,2432482.25,2351269.75,2503543.5,,
2026-09-28 12:00:00+00:00,alb,chronos_bolt_base,foundation_model,2481971.25,2394414.0,2556839.25,,
2026-09-28 13:00:00+00:00,alb,chronos_bolt_base,foundation_model,2525115.5,2432482.25,2603790.25,,
2026-09-28 14:00:00+00:00,alb,chronos_bolt_base,foundation_model,2558108.25,2464206.0,2641858.75,,
2026-09-28 15:00:00+00:00,alb,chronos_bolt_base,foundation_model,2586025.0,2487047.0,2672313.5,,
2026-09-28 16:00:00+00:00,alb,chronos_bolt_base,foundation_model,2603790.25,2499736.5,2692616.5,,
2026-09-28 17:00:00+00:00,alb,chronos_bolt_base,foundation_model,2606328.25,2504812.25,2700230.25,,
2026-09-28 18:00:00+00:00,alb,chronos_bolt_base,foundation_model,2611404.0,2508619.25,2705306.0,,
2026-09-28 19:00:00+00:00,alb,chronos_bolt_base,foundation_model,2613942.0,2509888.25,2707844.0,,
2026-09-28 20:00:00+00:00,alb,chronos_bolt_base,foundation_model,2616479.75,2512426.0,2712919.75,,
2026-09-28 21:00:00+00:00,alb,chronos_bolt_base,foundation_model,2616479.75,2511157.0,2712919.75,,
2026-09-28 22:00:00+00:00,alb,chronos_bolt_base,foundation_model,2603790.25,2499736.5,2695154.5,,
2026-09-26 23:00:00+00:00,store_service,seasonal_naive_m24,selected,117503.0,113415.75,120189.1,111301.125,120646.6375
2026-09-27 00:00:00+00:00,store_service,seasonal_naive_m24,selected,113913.5,109826.25,116599.6,107711.625,117057.1375
2026-09-27 01:00:00+00:00,store_service,seasonal_naive_m24,selected,108008.0,103920.75,110694.1,101806.125,111151.6375
2026-09-27 02:00:00+00:00,store_service,seasonal_naive_m24,selected,101265.5,97178.25,103951.6,95063.625,104409.1375
2026-09-27 03:00:00+00:00,store_service,seasonal_naive_m24,selected,94092.5,90005.25,96778.6,87890.625,97236.1375
2026-09-27 04:00:00+00:00,store_service,seasonal_naive_m24,selected,91413.0,87325.75,94099.1,85211.125,94556.6375
2026-09-27 05:00:00+00:00,store_service,seasonal_naive_m24,selected,93862.0,89774.75,96548.1,87660.125,97005.6375
2026-09-27 06:00:00+00:00,store_service,seasonal_naive_m24,selected,91884.0,87796.75,94570.1,85682.125,95027.6375
2026-09-27 07:00:00+00:00,store_service,seasonal_naive_m24,selected,88015.5,83928.25,90701.6,81813.625,91159.1375
2026-09-27 08:00:00+00:00,store_service,seasonal_naive_m24,selected,83074.0,78986.75,85760.1,76872.125,86217.6375
2026-09-27 09:00:00+00:00,store_service,seasonal_naive_m24,selected,83264.0,79176.75,85950.1,77062.125,86407.6375
2026-09-27 10:00:00+00:00,store_service,seasonal_naive_m24,selected,79106.5,75019.25,81792.6,72904.625,82250.1375
2026-09-27 11:00:00+00:00,store_service,seasonal_naive_m24,selected,82757.0,78669.75,85443.1,76555.125,85900.6375
2026-09-27 12:00:00+00:00,store_service,seasonal_naive_m24,selected,88539.0,84451.75,91225.1,82337.125,91682.6375
2026-09-27 13:00:00+00:00,store_service,seasonal_naive_m24,selected,101903.5,97816.25,104589.6,95701.625,105047.1375
2026-09-27 14:00:00+00:00,store_service,seasonal_naive_m24,selected,104736.0,100648.75,107422.1,98534.125,107879.6375
2026-09-27 15:00:00+00:00,store_service,seasonal_naive_m24,selected,106879.0,102791.75,109565.1,100677.125,110022.6375
2026-09-27 16:00:00+00:00,store_service,seasonal_naive_m24,selected,109363.0,105275.75,112049.1,103161.125,112506.6375
2026-09-27 17:00:00+00:00,store_service,seasonal_naive_m24,selected,106865.0,102777.75,109551.1,100663.125,110008.6375
2026-09-27 18:00:00+00:00,store_service,seasonal_naive_m24,selected,107344.5,103257.25,110030.6,101142.625,110488.1375
2026-09-27 19:00:00+00:00,store_service,seasonal_naive_m24,selected,106198.0,102110.75,108884.1,99996.125,109341.6375
2026-09-27 20:00:00+00:00,store_service,seasonal_naive_m24,selected,107153.0,103065.75,109839.1,100951.125,110296.6375
2026-09-27 21:00:00+00:00,store_service,seasonal_naive_m24,selected,129084.5,124997.25,131770.6,122882.625,132228.1375
2026-09-27 22:00:00+00:00,store_service,seasonal_naive_m24,selected,115742.0,111654.75,118428.1,109540.125,118885.6375
2026-09-27 23:00:00+00:00,store_service,seasonal_naive_m24,selected,117503.0,113415.75,120189.1,111301.125,120646.6375
2026-09-28 00:00:00+00:00,store_service,seasonal_naive_m24,selected,113913.5,109826.25,116599.6,107711.625,117057.1375
2026-09-28 01:00:00+00:00,store_service,seasonal_naive_m24,selected,108008.0,103920.75,110694.1,101806.125,111151.6375
2026-09-28 02:00:00+00:00,store_service,seasonal_naive_m24,selected,101265.5,97178.25,103951.6,95063.625,104409.1375
2026-09-28 03:00:00+00:00,store_service,seasonal_naive_m24,selected,94092.5,90005.25,96778.6,87890.625,97236.1375
2026-09-28 04:00:00+00:00,store_service,seasonal_naive_m24,selected,91413.0,87325.75,94099.1,85211.125,94556.6375
2026-09-28 05:00:00+00:00,store_service,seasonal_naive_m24,selected,93862.0,89774.75,96548.1,87660.125,97005.6375
2026-09-28 06:00:00+00:00,store_service,seasonal_naive_m24,selected,91884.0,87796.75,94570.1,85682.125,95027.6375
2026-09-28 07:00:00+00:00,store_service,seasonal_naive_m24,selected,88015.5,83928.25,90701.6,81813.625,91159.1375
2026-09-28 08:00:00+00:00,store_service,seasonal_naive_m24,selected,83074.0,78986.75,85760.1,76872.125,86217.6375
2026-09-28 09:00:00+00:00,store_service,seasonal_naive_m24,selected,83264.0,79176.75,85950.1,77062.125,86407.6375
2026-09-28 10:00:00+00:00,store_service,seasonal_naive_m24,selected,79106.5,75019.25,81792.6,72904.625,82250.1375
2026-09-28 11:00:00+00:00,store_service,seasonal_naive_m24,selected,82757.0,78669.75,85443.1,76555.125,85900.6375
2026-09-28 12:00:00+00:00,store_service,seasonal_naive_m24,selected,88539.0,84451.75,91225.1,82337.125,91682.6375
2026-09-28 13:00:00+00:00,store_service,seasonal_naive_m24,selected,101903.5,97816.25,104589.6,95701.625,105047.1375
2026-09-28 14:00:00+00:00,store_service,seasonal_naive_m24,selected,104736.0,100648.75,107422.1,98534.125,107879.6375
2026-09-28 15:00:00+00:00,store_service,seasonal_naive_m24,selected,106879.0,102791.75,109565.1,100677.125,110022.6375
2026-09-28 16:00:00+00:00,store_service,seasonal_naive_m24,selected,109363.0,105275.75,112049.1,103161.125,112506.6375
2026-09-28 17:00:00+00:00,store_service,seasonal_naive_m24,selected,106865.0,102777.75,109551.1,100663.125,110008.6375
2026-09-28 18:00:00+00:00,store_service,seasonal_naive_m24,selected,107344.5,103257.25,110030.6,101142.625,110488.1375
2026-09-28 19:00:00+00:00,store_service,seasonal_naive_m24,selected,106198.0,102110.75,108884.1,99996.125,109341.6375
2026-09-28 20:00:00+00:00,store_service,seasonal_naive_m24,selected,107153.0,103065.75,109839.1,100951.125,110296.6375
2026-09-28 21:00:00+00:00,store_service,seasonal_naive_m24,selected,129084.5,124997.25,131770.6,122882.625,132228.1375
2026-09-28 22:00:00+00:00,store_service,seasonal_naive_m24,selected,115742.0,111654.75,118428.1,109540.125,118885.6375
2026-09-26 23:00:00+00:00,store_service,drift,worst,115749.65009699321,85575.58726933008,110770.09271690587,84834.93035354646,111179.73871372794
2026-09-27 00:00:00+00:00,store_service,drift,worst,115757.30019398642,85583.2373663233,110777.74281389908,84842.58045053968,111187.38881072115
2026-09-27 01:00:00+00:00,store_service,drift,worst,115764.95029097963,85590.8874633165,110785.39291089229,84850.23054753288,111195.03890771436
2026-09-27 02:00:00+00:00,store_service,drift,worst,115772.60038797284,85598.53756030972,110793.0430078855,84857.8806445261,111202.68900470757
2026-09-27 03:00:00+00:00,store_service,drift,worst,115780.25048496605,85606.18765730291,110800.69310487871,84865.5307415193,111210.33910170078
2026-09-27 04:00:00+00:00,store_service,drift,worst,115787.90058195926,85613.83775429614,110808.34320187192,84873.18083851252,111217.98919869399
2026-09-27 05:00:00+00:00,store_service,drift,worst,115795.55067895247,85621.48785128933,110815.99329886513,84880.83093550571,111225.6392956872
2026-09-27 06:00:00+00:00,store_service,drift,worst,115803.20077594569,85629.13794828256,110823.64339585835,84888.48103249894,111233.28939268042
2026-09-27 07:00:00+00:00,store_service,drift,worst,115810.8508729389,85636.78804527578,110831.29349285156,84896.13112949216,111240.93948967363
2026-09-27 08:00:00+00:00,store_service,drift,worst,115818.50096993211,85644.43814226898,110838.94358984477,84903.78122648536,111248.58958666684
2026-09-27 09:00:00+00:00,store_service,drift,worst,115826.15106692532,85652.0882392622,110846.59368683798,84911.43132347858,111256.23968366005
2026-09-27 10:00:00+00:00,store_service,drift,worst,115833.80116391853,85659.7383362554,110854.24378383119,84919.08142047178,111263.88978065326
2026-09-27 11:00:00+00:00,store_service,drift,worst,115841.45126091174,85667.38843324862,110861.8938808244,84926.731517465,111271.53987764647
2026-09-27 12:00:00+00:00,store_service,drift,worst,115849.10135790495,85675.03853024181,110869.54397781761,84934.3816144582,111279.18997463968
2026-09-27 13:00:00+00:00,store_service,drift,worst,115856.75145489816,85682.68862723504,110877.19407481082,84942.03171145142,111286.84007163289
2026-09-27 14:00:00+00:00,store_service,drift,worst,115864.40155189137,85690.33872422823,110884.84417180403,84949.68180844461,111294.4901686261
2026-09-27 15:00:00+00:00,store_service,drift,worst,115872.05164888458,85697.98882122146,110892.49426879724,84957.33190543784,111302.14026561931
2026-09-27 16:00:00+00:00,store_service,drift,worst,115879.70174587778,85705.63891821465,110900.14436579045,84964.98200243103,111309.79036261252
2026-09-27 17:00:00+00:00,store_service,drift,worst,115887.351842871,85713.28901520788,110907.79446278366,84972.63209942426,111317.44045960573
2026-09-27 18:00:00+00:00,store_service,drift,worst,115895.0019398642,85720.93911220107,110915.44455977686,84980.28219641745,111325.09055659894
2026-09-27 19:00:00+00:00,store_service,drift,worst,115902.65203685741,85728.5892091943,110923.09465677007,84987.93229341067,111332.74065359215
2026-09-27 20:00:00+00:00,store_service,drift,worst,115910.30213385064,85736.23930618752,110930.7447537633,84995.5823904039,111340.39075058537
2026-09-27 21:00:00+00:00,store_service,drift,worst,115917.95223084385,85743.88940318071,110938.39485075651,85003.2324873971,111348.04084757858
2026-09-27 22:00:00+00:00,store_service,drift,worst,115925.60232783706,85751.53950017394,110946.04494774972,85010.88258439032,111355.69094457179
2026-09-27 23:00:00+00:00,store_service,drift,worst,115933.25242483027,85759.18959716713,110953.69504474293,85018.53268138351,111363.341041565
2026-09-28 00:00:00+00:00,store_service,drift,worst,115940.90252182347,85766.83969416036,110961.34514173614,85026.18277837674,111370.99113855821
2026-09-28 01:00:00+00:00,store_service,drift,worst,115948.55261881668,85774.48979115355,110968.99523872935,85033.83287536993,111378.64123555142
2026-09-28 02:00:00+00:00,store_service,drift,worst,115956.2027158099,85782.13988814678,110976.64533572255,85041.48297236316,111386.29133254463
2026-09-28 03:00:00+00:00,store_service,drift,worst,115963.8528128031,85789.78998513997,110984.29543271576,85049.13306935635,111393.94142953784
2026-09-28 04:00:00+00:00,store_service,drift,worst,115971.50290979631,85797.4400821332,110991.94552970897,85056.78316634957,111401.59152653105
2026-09-28 05:00:00+00:00,store_service,drift,worst,115979.15300678952,85805.09017912639,110999.59562670218,85064.43326334277,111409.24162352426
2026-09-28 06:00:00+00:00,store_service,drift,worst,115986.80310378273,85812.74027611961,111007.24572369539,85072.083360336,111416.89172051747
2026-09-28 07:00:00+00:00,store_service,drift,worst,115994.45320077594,85820.39037311281,111014.8958206886,85079.73345732919,111424.54181751068
2026-09-28 08:00:00+00:00,store_service,drift,worst,116002.10329776915,85828.04047010603,111022.54591768181,85087.38355432241,111432.19191450388
2026-09-28 09:00:00+00:00,store_service,drift,worst,116009.75339476236,85835.69056709923,111030.19601467502,85095.0336513156,111439.8420114971
2026-09-28 10:00:00+00:00,store_service,drift,worst,116017.40349175558,85843.34066409245,111037.84611166824,85102.68374830883,111447.49210849032
2026-09-28 11:00:00+00:00,store_service,drift,worst,116025.0535887488,85850.99076108568,111045.49620866145,85110.33384530206,111455.14220548353
2026-09-28 12:00:00+00:00,store_service,drift,worst,116032.703685742,85858.64085807887,111053.14630565466,85117.98394229525,111462.79230247674
2026-09-28 13:00:00+00:00,store_service,drift,worst,116040.35378273521,85866.2909550721,111060.79640264787,85125.63403928847,111470.44239946995
2026-09-28 14:00:00+00:00,store_service,drift,worst,116048.00387972842,85873.94105206529,111068.44649964108,85133.28413628167,111478.09249646316
2026-09-28 15:00:00+00:00,store_service,drift,worst,116055.65397672163,85881.59114905851,111076.09659663429,85140.9342332749,111485.74259345637
2026-09-28 16:00:00+00:00,store_service,drift,worst,116063.30407371484,85889.24124605171,111083.7466936275,85148.58433026809,111493.39269044957
2026-09-28 17:00:00+00:00,store_service,drift,worst,116070.95417070805,85896.89134304493,111091.39679062071,85156.23442726131,111501.04278744278
2026-09-28 18:00:00+00:00,store_service,drift,worst,116078.60426770126,85904.54144003813,111099.04688761392,85163.8845242545,111508.692884436
2026-09-28 19:00:00+00:00,store_service,drift,worst,116086.25436469447,85912.19153703135,111106.69698460713,85171.53462124773,111516.3429814292
2026-09-28 20:00:00+00:00,store_service,drift,worst,116093.90446168768,85919.84163402455,111114.34708160034,85179.18471824093,111523.99307842241
2026-09-28 21:00:00+00:00,store_service,drift,worst,116101.55455868089,85927.49173101777,111121.99717859355,85186.83481523415,111531.64317541562
2026-09-28 22:00:00+00:00,store_service,drift,worst,116109.2046556741,85935.14182801096,111129.64727558676,85194.48491222734,111539.29327240883
2026-09-26 23:00:00+00:00,store_service,"SARIMA(1,1,1)x(1,0,1,24)",tp1_foundational,114453.74540630303,109094.32957240625,119813.16124019981,106257.22620643176,122650.2646061743
2026-09-27 00:00:00+00:00,store_service,"SARIMA(1,1,1)x(1,0,1,24)",tp1_foundational,111793.57359886481,105015.13279891443,118572.01439881518,101426.84299166221,122160.3042060674
2026-09-27 01:00:00+00:00,store_service,"SARIMA(1,1,1)x(1,0,1,24)",tp1_foundational,107457.5404892409,99951.49537810043,114963.58560038137,95978.03511489685,118937.04586358495
2026-09-27 02:00:00+00:00,store_service,"SARIMA(1,1,1)x(1,0,1,24)",tp1_foundational,102814.21814731036,94898.2415009147,110730.19479370602,90707.77659120919,114920.65970341153
2026-09-27 03:00:00+00:00,store_service,"SARIMA(1,1,1)x(1,0,1,24)",tp1_foundational,98343.23140199197,90185.60115929443,106500.86164468952,85867.21256299388,110819.25024099006
2026-09-27 04:00:00+00:00,store_service,"SARIMA(1,1,1)x(1,0,1,24)",tp1_foundational,96425.76156601754,88121.33660131732,104730.18653071775,83725.23957320095,109126.28355883413
2026-09-27 05:00:00+00:00,store_service,"SARIMA(1,1,1)x(1,0,1,24)",tp1_foundational,96514.66865428742,88118.82299810108,104910.51431047377,83674.33077924498,109355.00652932987
2026-09-27 06:00:00+00:00,store_service,"SARIMA(1,1,1)x(1,0,1,24)",tp1_foundational,95518.11276126355,87063.94401941396,103972.28150311313,82588.57742398816,108447.64809853894
2026-09-27 07:00:00+00:00,store_service,"SARIMA(1,1,1)x(1,0,1,24)",tp1_foundational,93994.88700117508,85502.55343479347,102487.2205675567,81006.98360164599,106982.79040070418
2026-09-27 08:00:00+00:00,store_service,"SARIMA(1,1,1)x(1,0,1,24)",tp1_foundational,92364.9950797489,83846.9852899762,100883.0048695216,79337.82328520664,105392.16687429116
2026-09-27 09:00:00+00:00,store_service,"SARIMA(1,1,1)x(1,0,1,24)",tp1_foundational,92687.24110815089,84151.4233422735,101223.05887402828,79632.83436439461,105741.64785190717
2026-09-27 10:00:00+00:00,store_service,"SARIMA(1,1,1)x(1,0,1,24)",tp1_foundational,92349.5558254601,83800.9736777047,100898.13797321552,79275.62764422255,105423.48400669766
2026-09-27 11:00:00+00:00,store_service,"SARIMA(1,1,1)x(1,0,1,24)",tp1_foundational,96785.92885736856,88227.8735779748,105343.98413676233,83697.51277152287,109874.34494321425
2026-09-27 12:00:00+00:00,store_service,"SARIMA(1,1,1)x(1,0,1,24)",tp1_foundational,100586.56028971737,92021.21920986258,109151.90136957215,87487.00153362255,113686.11904581219
2026-09-27 13:00:00+00:00,store_service,"SARIMA(1,1,1)x(1,0,1,24)",tp1_foundational,106613.80624209889,98042.65981201567,115184.9526721821,93505.36896900072,119722.24351519706
2026-09-27 14:00:00+00:00,store_service,"SARIMA(1,1,1)x(1,0,1,24)",tp1_foundational,108241.96398343952,99666.03212697327,116817.89583990577,95126.20803225331,121357.71993462573
2026-09-27 15:00:00+00:00,store_service,"SARIMA(1,1,1)x(1,0,1,24)",tp1_foundational,110198.14537523212,101618.1425677257,118778.14818273854,97076.16344170072,123320.12730876353
2026-09-27 16:00:00+00:00,store_service,"SARIMA(1,1,1)x(1,0,1,24)",tp1_foundational,112170.81361876894,103587.2480519537,120754.37918558417,99043.38291507596,125298.24432246192
2026-09-27 17:00:00+00:00,store_service,"SARIMA(1,1,1)x(1,0,1,24)",tp1_foundational,111372.75676025038,102785.99483109564,119959.51868940513,98240.4376422045,124505.07587829627
2026-09-27 18:00:00+00:00,store_service,"SARIMA(1,1,1)x(1,0,1,24)",tp1_foundational,112514.02696866785,103924.33596465725,121103.71797267845,99377.22821719962,125650.82572013608
2026-09-27 19:00:00+00:00,store_service,"SARIMA(1,1,1)x(1,0,1,24)",tp1_foundational,112250.41201053545,103657.98887484505,120842.83514622586,99109.4348242407,125391.3891968302
2026-09-27 20:00:00+00:00,store_service,"SARIMA(1,1,1)x(1,0,1,24)",tp1_foundational,112905.7862658154,104310.77732737109,121500.79520425972,99760.8544354743,126050.7180961565
2026-09-27 21:00:00+00:00,store_service,"SARIMA(1,1,1)x(1,0,1,24)",tp1_foundational,120196.17243266392,111598.68716853145,128793.65769679639,107047.45338900009,133344.89147632776
2026-09-27 22:00:00+00:00,store_service,"SARIMA(1,1,1)x(1,0,1,24)",tp1_foundational,113933.92717060748,105334.0479557148,122533.80638550015,100781.54689520167,127086.30744601329
2026-09-27 23:00:00+00:00,store_service,"SARIMA(1,1,1)x(1,0,1,24)",tp1_foundational,112852.48666751877,104033.91948432097,121671.05385071656,99365.65200630903,126339.3213287285
2026-09-28 00:00:00+00:00,store_service,"SARIMA(1,1,1)x(1,0,1,24)",tp1_foundational,110515.07380309667,101560.53980504772,119469.60780114563,96820.2958430251,124209.85176316825
2026-09-28 01:00:00+00:00,store_service,"SARIMA(1,1,1)x(1,0,1,24)",tp1_foundational,106651.99106242725,97610.59347192496,115693.38865292953,92824.36670166953,120479.61542318497
2026-09-28 02:00:00+00:00,store_service,"SARIMA(1,1,1)x(1,0,1,24)",tp1_foundational,102500.77279848767,93402.33292167915,111599.21267529619,88585.9097890779,116415.63580789744
2026-09-28 03:00:00+00:00,store_service,"SARIMA(1,1,1)x(1,0,1,24)",tp1_foundational,98496.52032455568,89359.50631671608,107633.53433239527,84522.66327262082,112470.37737649053
2026-09-28 04:00:00+00:00,store_service,"SARIMA(1,1,1)x(1,0,1,24)",tp1_foundational,96788.5385622987,87624.60046073986,105952.47666385752,82773.50466237358,110803.5724622238
2026-09-28 05:00:00+00:00,store_service,"SARIMA(1,1,1)x(1,0,1,24)",tp1_foundational,96884.93508477777,87701.55808481372,106068.31208474182,82840.17195522376,110929.69821433177
2026-09-28 06:00:00+00:00,store_service,"SARIMA(1,1,1)x(1,0,1,24)",tp1_foundational,95998.67477504887,86800.75836276225,105196.59118733549,81931.6755332113,110065.67401688645
2026-09-28 07:00:00+00:00,store_service,"SARIMA(1,1,1)x(1,0,1,24)",tp1_foundational,94634.56063179938,85425.37231681438,103843.74894678438,80550.32250241328,108718.79876118548
2026-09-28 08:00:00+00:00,store_service,"SARIMA(1,1,1)x(1,0,1,24)",tp1_foundational,93172.02872754188,83953.78818442773,102390.26927065603,79073.94640991554,107270.11104516822
2026-09-28 09:00:00+00:00,store_service,"SARIMA(1,1,1)x(1,0,1,24)",tp1_foundational,93468.21203556648,84242.45405840634,102693.97001272663,79358.63279469301,107577.79127643995
2026-09-28 10:00:00+00:00,store_service,"SARIMA(1,1,1)x(1,0,1,24)",tp1_foundational,93167.96817694366,83935.77167326398,102400.16468062333,79048.54205949412,107287.39429439319
2026-09-28 11:00:00+00:00,store_service,"SARIMA(1,1,1)x(1,0,1,24)",tp1_foundational,97171.92801278949,87934.062863497,106409.79316208197,83043.83245000437,111300.02357557461
2026-09-28 12:00:00+00:00,store_service,"SARIMA(1,1,1)x(1,0,1,24)",tp1_foundational,100601.81477561143,91358.8376666474,109844.79188457546,86465.9011451683,114737.72840605456
2026-09-28 13:00:00+00:00,store_service,"SARIMA(1,1,1)x(1,0,1,24)",tp1_foundational,106039.05600088087,96791.37408924689,115286.73791251484,91895.94699567845,120182.16500608329
2026-09-28 14:00:00+00:00,store_service,"SARIMA(1,1,1)x(1,0,1,24)",tp1_foundational,107508.78743116914,98256.70141220787,116760.87345013041,93358.94292504921,121658.63193728907
2026-09-28 15:00:00+00:00,store_service,"SARIMA(1,1,1)x(1,0,1,24)",tp1_foundational,109273.98313509388,100017.71689282091,118530.24937736684,95117.74552911085,123430.2207410769
2026-09-28 16:00:00+00:00,store_service,"SARIMA(1,1,1)x(1,0,1,24)",tp1_foundational,111053.78255206502,101793.50391415818,120314.06118997186,96891.40851650275,125216.1565876273
2026-09-28 17:00:00+00:00,store_service,"SARIMA(1,1,1)x(1,0,1,24)",tp1_foundational,110334.76370430813,101070.5991926627,119598.92821595357,96166.44673770752,124503.08067090875
2026-09-28 18:00:00+00:00,store_service,"SARIMA(1,1,1)x(1,0,1,24)",tp1_foundational,111364.45841662778,102096.50387283387,120632.41296042169,97190.34509605204,125538.57173720351
2026-09-28 19:00:00+00:00,store_service,"SARIMA(1,1,1)x(1,0,1,24)",tp1_foundational,111127.12112604422,101855.44945515145,120398.79279693699,96947.322950145,125306.91930194345
2026-09-28 20:00:00+00:00,store_service,"SARIMA(1,1,1)x(1,0,1,24)",tp1_foundational,111718.42951117465,102443.09638118927,120993.76264116002,97533.03161682059,125903.8274055287
2026-09-28 21:00:00+00:00,store_service,"SARIMA(1,1,1)x(1,0,1,24)",tp1_foundational,118293.06491111775,109014.11298231728,127572.01683991821,104102.13254157318,132483.99728066233
2026-09-28 22:00:00+00:00,store_service,"SARIMA(1,1,1)x(1,0,1,24)",tp1_foundational,112646.00060653241,103363.46269082205,121928.53852224277,98449.58394327592,126842.4172697889
2026-09-26 23:00:00+00:00,store_service,chronos_bolt_base,foundation_model,114409.015625,108856.703125,119500.8984375,,
2026-09-27 00:00:00+00:00,store_service,chronos_bolt_base,foundation_model,112188.09375,105275.625,118363.3515625,,
2026-09-27 01:00:00+00:00,store_service,chronos_bolt_base,foundation_model,107719.15625,100298.0078125,114625.6953125,,
2026-09-27 02:00:00+00:00,store_service,chronos_bolt_base,foundation_model,101814.7421875,94258.171875,109127.546875,,
2026-09-27 03:00:00+00:00,store_service,chronos_bolt_base,foundation_model,96749.9453125,89057.9609375,104252.34375,,
2026-09-27 04:00:00+00:00,store_service,chronos_bolt_base,foundation_model,94149.8359375,86241.171875,101747.03125,,
2026-09-27 05:00:00+00:00,store_service,chronos_bolt_base,foundation_model,93120.625,84941.1171875,101002.203125,,
2026-09-27 06:00:00+00:00,store_service,chronos_bolt_base,foundation_model,91820.5703125,83424.390625,100000.078125,,
2026-09-27 07:00:00+00:00,store_service,chronos_bolt_base,foundation_model,90033.0,81474.3046875,98266.671875,,
2026-09-27 08:00:00+00:00,store_service,chronos_bolt_base,foundation_model,89166.296875,80390.9296875,97833.328125,,
2026-09-27 09:00:00+00:00,store_service,chronos_bolt_base,foundation_model,89491.3125,80499.265625,98564.6015625,,
2026-09-27 10:00:00+00:00,store_service,chronos_bolt_base,foundation_model,90249.671875,81149.296875,99458.390625,,
2026-09-27 11:00:00+00:00,store_service,chronos_bolt_base,foundation_model,94420.6796875,84941.1171875,104042.4375,,
2026-09-27 12:00:00+00:00,store_service,chronos_bolt_base,foundation_model,99187.546875,89166.296875,108721.28125,,
2026-09-27 13:00:00+00:00,store_service,chronos_bolt_base,foundation_model,104103.375,93933.1640625,113650.65625,,
2026-09-27 14:00:00+00:00,store_service,chronos_bolt_base,foundation_model,108369.1796875,97995.828125,117930.0,,
2026-09-27 15:00:00+00:00,store_service,chronos_bolt_base,foundation_model,111456.8125,100812.6171875,121017.625,,
2026-09-27 16:00:00+00:00,store_service,chronos_bolt_base,foundation_model,113867.328125,103114.796875,123509.3984375,,
2026-09-27 17:00:00+00:00,store_service,chronos_bolt_base,foundation_model,114950.703125,104499.484375,124484.4375,,
2026-09-27 18:00:00+00:00,store_service,chronos_bolt_base,foundation_model,115654.90625,105347.5703125,124917.7890625,,
2026-09-27 19:00:00+00:00,store_service,chronos_bolt_base,foundation_model,116413.265625,106392.015625,125351.140625,,
2026-09-27 20:00:00+00:00,store_service,chronos_bolt_base,foundation_model,117713.3203125,107624.359375,126434.515625,,
2026-09-27 21:00:00+00:00,store_service,chronos_bolt_base,foundation_model,118850.8671875,108531.6875,127734.578125,,
2026-09-27 22:00:00+00:00,store_service,chronos_bolt_base,foundation_model,116792.453125,106933.703125,125242.8046875,,
2026-09-27 23:00:00+00:00,store_service,chronos_bolt_base,foundation_model,115329.890625,105378.0390625,123726.0703125,,
2026-09-28 00:00:00+00:00,store_service,chronos_bolt_base,foundation_model,112567.2734375,102613.734375,121125.9609375,,
2026-09-28 01:00:00+00:00,store_service,chronos_bolt_base,foundation_model,107881.6640625,98266.671875,116467.4375,,
2026-09-28 02:00:00+00:00,store_service,chronos_bolt_base,foundation_model,102383.515625,93283.1328125,110779.6953125,,
2026-09-28 03:00:00+00:00,store_service,chronos_bolt_base,foundation_model,98104.171875,89274.6328125,106276.90625,,
2026-09-28 04:00:00+00:00,store_service,chronos_bolt_base,foundation_model,95937.4140625,87216.21875,104096.609375,,
2026-09-28 05:00:00+00:00,store_service,chronos_bolt_base,foundation_model,95287.3828125,86349.515625,103446.578125,,
2026-09-28 06:00:00+00:00,store_service,chronos_bolt_base,foundation_model,94529.015625,85482.8125,102803.3203125,,
2026-09-28 07:00:00+00:00,store_service,chronos_bolt_base,foundation_model,93337.3046875,84182.75,101814.7421875,,
2026-09-28 08:00:00+00:00,store_service,chronos_bolt_base,foundation_model,93228.96875,83857.7421875,102207.46875,,
2026-09-28 09:00:00+00:00,store_service,chronos_bolt_base,foundation_model,94312.34375,84724.4453125,103582.0,,
2026-09-28 10:00:00+00:00,store_service,chronos_bolt_base,foundation_model,96316.59375,86566.1875,105630.265625,,
2026-09-28 11:00:00+00:00,store_service,chronos_bolt_base,foundation_model,101868.90625,91495.5625,111294.3046875,,
2026-09-28 12:00:00+00:00,store_service,chronos_bolt_base,foundation_model,106540.9765625,96045.75,115763.2421875,,
2026-09-28 13:00:00+00:00,store_service,chronos_bolt_base,foundation_model,110725.53125,100135.5,119717.5703125,,
2026-09-28 14:00:00+00:00,store_service,chronos_bolt_base,foundation_model,113867.328125,103345.015625,122751.03125,,
2026-09-28 15:00:00+00:00,store_service,chronos_bolt_base,foundation_model,116521.609375,105907.8828125,125351.140625,,
2026-09-28 16:00:00+00:00,store_service,chronos_bolt_base,foundation_model,118850.8671875,108017.0859375,127842.9140625,,
2026-09-28 17:00:00+00:00,store_service,chronos_bolt_base,foundation_model,119825.90625,109154.6328125,128709.6171875,,
2026-09-28 18:00:00+00:00,store_service,chronos_bolt_base,foundation_model,120259.265625,109723.40625,129142.96875,,
2026-09-28 19:00:00+00:00,store_service,chronos_bolt_base,foundation_model,120475.9375,110048.421875,129359.640625,,
2026-09-28 20:00:00+00:00,store_service,chronos_bolt_base,foundation_model,121125.9609375,110779.6953125,130009.671875,,
2026-09-28 21:00:00+00:00,store_service,chronos_bolt_base,foundation_model,121884.328125,111131.796875,130984.7109375,,
2026-09-28 22:00:00+00:00,store_service,chronos_bolt_base,foundation_model,119175.8828125,108856.703125,127842.9140625,,
