timestamp,series,role,model,yhat
2026-09-26 23:00:00+00:00,wikipedia_es,selected,seasonal_naive_m24,686273.0
2026-09-27 00:00:00+00:00,wikipedia_es,selected,seasonal_naive_m24,643961.0
2026-09-27 01:00:00+00:00,wikipedia_es,selected,seasonal_naive_m24,649596.0
2026-09-27 02:00:00+00:00,wikipedia_es,selected,seasonal_naive_m24,636699.0
2026-09-27 03:00:00+00:00,wikipedia_es,selected,seasonal_naive_m24,594508.0
2026-09-27 04:00:00+00:00,wikipedia_es,selected,seasonal_naive_m24,506043.0
2026-09-27 05:00:00+00:00,wikipedia_es,selected,seasonal_naive_m24,436958.0
2026-09-27 06:00:00+00:00,wikipedia_es,selected,seasonal_naive_m24,385970.0
2026-09-27 07:00:00+00:00,wikipedia_es,selected,seasonal_naive_m24,364191.0
2026-09-27 08:00:00+00:00,wikipedia_es,selected,seasonal_naive_m24,346658.0
2026-09-27 09:00:00+00:00,wikipedia_es,selected,seasonal_naive_m24,356306.0
2026-09-27 10:00:00+00:00,wikipedia_es,selected,seasonal_naive_m24,392585.0
2026-09-27 11:00:00+00:00,wikipedia_es,selected,seasonal_naive_m24,455993.0
2026-09-27 12:00:00+00:00,wikipedia_es,selected,seasonal_naive_m24,518437.0
2026-09-27 13:00:00+00:00,wikipedia_es,selected,seasonal_naive_m24,635951.0
2026-09-27 14:00:00+00:00,wikipedia_es,selected,seasonal_naive_m24,718548.0
2026-09-27 15:00:00+00:00,wikipedia_es,selected,seasonal_naive_m24,770234.0
2026-09-27 16:00:00+00:00,wikipedia_es,selected,seasonal_naive_m24,796681.0
2026-09-27 17:00:00+00:00,wikipedia_es,selected,seasonal_naive_m24,809781.0
2026-09-27 18:00:00+00:00,wikipedia_es,selected,seasonal_naive_m24,825881.0
2026-09-27 19:00:00+00:00,wikipedia_es,selected,seasonal_naive_m24,872786.0
2026-09-27 20:00:00+00:00,wikipedia_es,selected,seasonal_naive_m24,933338.0
2026-09-27 21:00:00+00:00,wikipedia_es,selected,seasonal_naive_m24,932263.0
2026-09-27 22:00:00+00:00,wikipedia_es,selected,seasonal_naive_m24,849426.0
2026-09-27 23:00:00+00:00,wikipedia_es,selected,seasonal_naive_m24,686273.0
2026-09-28 00:00:00+00:00,wikipedia_es,selected,seasonal_naive_m24,643961.0
2026-09-28 01:00:00+00:00,wikipedia_es,selected,seasonal_naive_m24,649596.0
2026-09-28 02:00:00+00:00,wikipedia_es,selected,seasonal_naive_m24,636699.0
2026-09-28 03:00:00+00:00,wikipedia_es,selected,seasonal_naive_m24,594508.0
2026-09-28 04:00:00+00:00,wikipedia_es,selected,seasonal_naive_m24,506043.0
2026-09-28 05:00:00+00:00,wikipedia_es,selected,seasonal_naive_m24,436958.0
2026-09-28 06:00:00+00:00,wikipedia_es,selected,seasonal_naive_m24,385970.0
2026-09-28 07:00:00+00:00,wikipedia_es,selected,seasonal_naive_m24,364191.0
2026-09-28 08:00:00+00:00,wikipedia_es,selected,seasonal_naive_m24,346658.0
2026-09-28 09:00:00+00:00,wikipedia_es,selected,seasonal_naive_m24,356306.0
2026-09-28 10:00:00+00:00,wikipedia_es,selected,seasonal_naive_m24,392585.0
2026-09-28 11:00:00+00:00,wikipedia_es,selected,seasonal_naive_m24,455993.0
2026-09-28 12:00:00+00:00,wikipedia_es,selected,seasonal_naive_m24,518437.0
2026-09-28 13:00:00+00:00,wikipedia_es,selected,seasonal_naive_m24,635951.0
2026-09-28 14:00:00+00:00,wikipedia_es,selected,seasonal_naive_m24,718548.0
2026-09-28 15:00:00+00:00,wikipedia_es,selected,seasonal_naive_m24,770234.0
2026-09-28 16:00:00+00:00,wikipedia_es,selected,seasonal_naive_m24,796681.0
2026-09-28 17:00:00+00:00,wikipedia_es,selected,seasonal_naive_m24,809781.0
2026-09-28 18:00:00+00:00,wikipedia_es,selected,seasonal_naive_m24,825881.0
2026-09-28 19:00:00+00:00,wikipedia_es,selected,seasonal_naive_m24,872786.0
2026-09-28 20:00:00+00:00,wikipedia_es,selected,seasonal_naive_m24,933338.0
2026-09-28 21:00:00+00:00,wikipedia_es,selected,seasonal_naive_m24,932263.0
2026-09-28 22:00:00+00:00,wikipedia_es,selected,seasonal_naive_m24,849426.0
