load_balancer,period_start_utc,period_end_utc,requests
app/bodegaai-production-alb/31b69d3d76ab5ed1,2026-07-01T00:00:00Z,2026-07-01T01:00:00Z,1083361
app/bodegaai-production-alb/31b69d3d76ab5ed1,2026-07-01T01:00:00Z,2026-07-01T02:00:00Z,1079999
app/bodegaai-production-alb/31b69d3d76ab5ed1,2026-07-01T02:00:00Z,2026-07-01T03:00:00Z,1076741
app/bodegaai-production-alb/31b69d3d76ab5ed1,2026-07-01T03:00:00Z,2026-07-01T04:00:00Z,1057807
app/bodegaai-production-alb/31b69d3d76ab5ed1,2026-07-01T04:00:00Z,2026-07-01T05:00:00Z,1057798
app/bodegaai-production-alb/31b69d3d76ab5ed1,2026-07-01T05:00:00Z,2026-07-01T06:00:00Z,1058288
app/bodegaai-production-alb/31b69d3d76ab5ed1,2026-07-01T06:00:00Z,2026-07-01T07:00:00Z,1089797
app/bodegaai-production-alb/31b69d3d76ab5ed1,2026-07-01T07:00:00Z,2026-07-01T08:00:00Z,1071128
app/bodegaai-production-alb/31b69d3d76ab5ed1,2026-07-01T08:00:00Z,2026-07-01T09:00:00Z,1069432
app/bodegaai-production-alb/31b69d3d76ab5ed1,2026-07-01T09:00:00Z,2026-07-01T10:00:00Z,1063775
app/bodegaai-production-alb/31b69d3d76ab5ed1,2026-07-01T10:00:00Z,2026-07-01T11:00:00Z,1091796
app/bodegaai-production-alb/31b69d3d76ab5ed1,2026-07-01T11:00:00Z,2026-07-01T12:00:00Z,1092964
app/bodegaai-production-alb/31b69d3d76ab5ed1,2026-07-01T12:00:00Z,2026-07-01T13:00:00Z,1128758
app/bodegaai-production-alb/31b69d3d76ab5ed1,2026-07-01T13:00:00Z,2026-07-01T14:00:00Z,1080041
app/bodegaai-production-alb/31b69d3d76ab5ed1,2026-07-01T14:00:00Z,2026-07-01T15:00:00Z,1064210
app/bodegaai-production-alb/31b69d3d76ab5ed1,2026-07-01T15:00:00Z,2026-07-01T16:00:00Z,883045
app/bodegaai-production-alb/31b69d3d76ab5ed1,2026-07-01T16:00:00Z,2026-07-01T17:00:00Z,1050961
app/bodegaai-production-alb/31b69d3d76ab5ed1,2026-07-01T17:00:00Z,2026-07-01T18:00:00Z,1080863
app/bodegaai-production-alb/31b69d3d76ab5ed1,2026-07-01T18:00:00Z,2026-07-01T19:00:00Z,1147177
app/bodegaai-production-alb/31b69d3d76ab5ed1,2026-07-01T19:00:00Z,2026-07-01T20:00:00Z,1132210
app/bodegaai-production-alb/31b69d3d76ab5ed1,2026-07-01T20:00:00Z,2026-07-01T21:00:00Z,1124266
app/bodegaai-production-alb/31b69d3d76ab5ed1,2026-07-01T21:00:00Z,2026-07-01T22:00:00Z,1200408
app/bodegaai-production-alb/31b69d3d76ab5ed1,2026-07-01T22:00:00Z,2026-07-01T23:00:00Z,1139047
app/bodegaai-production-alb/31b69d3d76ab5ed1,2026-07-01T23:00:00Z,2026-07-02T00:00:00Z,1145304
app/bodegaai-production-alb/31b69d3d76ab5ed1,2026-07-02T00:00:00Z,2026-07-02T01:00:00Z,1104666
app/bodegaai-production-alb/31b69d3d76ab5ed1,2026-07-02T01:00:00Z,2026-07-02T02:00:00Z,1130056
app/bodegaai-production-alb/31b69d3d76ab5ed1,2026-07-02T02:00:00Z,2026-07-02T03:00:00Z,1059770
app/bodegaai-production-alb/31b69d3d76ab5ed1,2026-07-02T03:00:00Z,2026-07-02T04:00:00Z,990375
app/bodegaai-production-alb/31b69d3d76ab5ed1,2026-07-02T04:00:00Z,2026-07-02T05:00:00Z,1055276
app/bodegaai-production-alb/31b69d3d76ab5ed1,2026-07-02T05:00:00Z,2026-07-02T06:00:00Z,964605
app/bodegaai-production-alb/31b69d3d76ab5ed1,2026-07-02T06:00:00Z,2026-07-02T07:00:00Z,984521
app/bodegaai-production-alb/31b69d3d76ab5ed1,2026-07-02T07:00:00Z,2026-07-02T08:00:00Z,1012469
app/bodegaai-production-alb/31b69d3d76ab5ed1,2026-07-02T08:00:00Z,2026-07-02T09:00:00Z,999905
app/bodegaai-production-alb/31b69d3d76ab5ed1,2026-07-02T09:00:00Z,2026-07-02T10:00:00Z,1026154
app/bodegaai-production-alb/31b69d3d76ab5ed1,2026-07-02T10:00:00Z,2026-07-02T11:00:00Z,1048205
app/bodegaai-production-alb/31b69d3d76ab5ed1,2026-07-02T11:00:00Z,2026-07-02T12:00:00Z,1019001
app/bodegaai-production-alb/31b69d3d76ab5ed1,2026-07-02T12:00:00Z,2026-07-02T13:00:00Z,1097547
app/bodegaai-production-alb/31b69d3d76ab5ed1,2026-07-02T13:00:00Z,2026-07-02T14:00:00Z,1113195
app/bodegaai-production-alb/31b69d3d76ab5ed1,2026-07-02T14:00:00Z,2026-07-02T15:00:00Z,1115090
app/bodegaai-production-alb/31b69d3d76ab5ed1,2026-07-02T15:00:00Z,2026-07-02T16:00:00Z,1233887
app/bodegaai-production-alb/31b69d3d76ab5ed1,2026-07-02T16:00:00Z,2026-07-02T17:00:00Z,1603722
app/bodegaai-production-alb/31b69d3d76ab5ed1,2026-07-02T17:00:00Z,2026-07-02T18:00:00Z,1486694
app/bodegaai-production-alb/31b69d3d76ab5ed1,2026-07-02T18:00:00Z,2026-07-02T19:00:00Z,1397659
app/bodegaai-production-alb/31b69d3d76ab5ed1,2026-07-02T19:00:00Z,2026-07-02T20:00:00Z,2291980
app/bodegaai-production-alb/31b69d3d76ab5ed1,2026-07-02T20:00:00Z,2026-07-02T21:00:00Z,2308869
app/bodegaai-production-alb/31b69d3d76ab5ed1,2026-07-02T21:00:00Z,2026-07-02T22:00:00Z,2329432
app/bodegaai-production-alb/31b69d3d76ab5ed1,2026-07-02T22:00:00Z,2026-07-02T23:00:00Z,2321950
app/bodegaai-production-alb/31b69d3d76ab5ed1,2026-07-02T23:00:00Z,2026-07-03T00:00:00Z,2304852
app/bodegaai-production-alb/31b69d3d76ab5ed1,2026-07-03T00:00:00Z,2026-07-03T01:00:00Z,2282203
app/bodegaai-production-alb/31b69d3d76ab5ed1,2026-07-03T01:00:00Z,2026-07-03T02:00:00Z,2287644
app/bodegaai-production-alb/31b69d3d76ab5ed1,2026-07-03T02:00:00Z,2026-07-03T03:00:00Z,2249579
app/bodegaai-production-alb/31b69d3d76ab5ed1,2026-07-03T03:00:00Z,2026-07-03T04:00:00Z,2220696
app/bodegaai-production-alb/31b69d3d76ab5ed1,2026-07-03T04:00:00Z,2026-07-03T05:00:00Z,2179627
app/bodegaai-production-alb/31b69d3d76ab5ed1,2026-07-03T05:00:00Z,2026-07-03T06:00:00Z,2156489
app/bodegaai-production-alb/31b69d3d76ab5ed1,2026-07-03T06:00:00Z,2026-07-03T07:00:00Z,2157332
app/bodegaai-production-alb/31b69d3d76ab5ed1,2026-07-03T07:00:00Z,2026-07-03T08:00:00Z,2154045
app/bodegaai-production-alb/31b69d3d76ab5ed1,2026-07-03T08:00:00Z,2026-07-03T09:00:00Z,2165699
app/bodegaai-production-alb/31b69d3d76ab5ed1,2026-07-03T09:00:00Z,2026-07-03T10:00:00Z,2176038
app/bodegaai-production-alb/31b69d3d76ab5ed1,2026-07-03T10:00:00Z,2026-07-03T11:00:00Z,2186315
app/bodegaai-production-alb/31b69d3d76ab5ed1,2026-07-03T11:00:00Z,2026-07-03T12:00:00Z,2220823
app/bodegaai-production-alb/31b69d3d76ab5ed1,2026-07-03T12:00:00Z,2026-07-03T13:00:00Z,2250444
app/bodegaai-production-alb/31b69d3d76ab5ed1,2026-07-03T13:00:00Z,2026-07-03T14:00:00Z,2291044
app/bodegaai-production-alb/31b69d3d76ab5ed1,2026-07-03T14:00:00Z,2026-07-03T15:00:00Z,2318560
app/bodegaai-production-alb/31b69d3d76ab5ed1,2026-07-03T15:00:00Z,2026-07-03T16:00:00Z,2318065
app/bodegaai-production-alb/31b69d3d76ab5ed1,2026-07-03T16:00:00Z,2026-07-03T17:00:00Z,2328609
app/bodegaai-production-alb/31b69d3d76ab5ed1,2026-07-03T17:00:00Z,2026-07-03T18:00:00Z,2324014
app/bodegaai-production-alb/31b69d3d76ab5ed1,2026-07-03T18:00:00Z,2026-07-03T19:00:00Z,2300117
app/bodegaai-production-alb/31b69d3d76ab5ed1,2026-07-03T19:00:00Z,2026-07-03T20:00:00Z,2314917
app/bodegaai-production-alb/31b69d3d76ab5ed1,2026-07-03T20:00:00Z,2026-07-03T21:00:00Z,2316464
app/bodegaai-production-alb/31b69d3d76ab5ed1,2026-07-03T21:00:00Z,2026-07-03T22:00:00Z,2315983
app/bodegaai-production-alb/31b69d3d76ab5ed1,2026-07-03T22:00:00Z,2026-07-03T23:00:00Z,2266961
app/bodegaai-production-alb/31b69d3d76ab5ed1,2026-07-03T23:00:00Z,2026-07-04T00:00:00Z,2223789
app/bodegaai-production-alb/31b69d3d76ab5ed1,2026-07-04T00:00:00Z,2026-07-04T01:00:00Z,2208661
app/bodegaai-production-alb/31b69d3d76ab5ed1,2026-07-04T01:00:00Z,2026-07-04T02:00:00Z,2221977
app/bodegaai-production-alb/31b69d3d76ab5ed1,2026-07-04T02:00:00Z,2026-07-04T03:00:00Z,2185076
app/bodegaai-production-alb/31b69d3d76ab5ed1,2026-07-04T03:00:00Z,2026-07-04T04:00:00Z,2144038
app/bodegaai-production-alb/31b69d3d76ab5ed1,2026-07-04T04:00:00Z,2026-07-04T05:00:00Z,2110261
app/bodegaai-production-alb/31b69d3d76ab5ed1,2026-07-04T05:00:00Z,2026-07-04T06:00:00Z,2098176
app/bodegaai-production-alb/31b69d3d76ab5ed1,2026-07-04T06:00:00Z,2026-07-04T07:00:00Z,2085613
app/bodegaai-production-alb/31b69d3d76ab5ed1,2026-07-04T07:00:00Z,2026-07-04T08:00:00Z,2076392
app/bodegaai-production-alb/31b69d3d76ab5ed1,2026-07-04T08:00:00Z,2026-07-04T09:00:00Z,2085231
app/bodegaai-production-alb/31b69d3d76ab5ed1,2026-07-04T09:00:00Z,2026-07-04T10:00:00Z,2092234
app/bodegaai-production-alb/31b69d3d76ab5ed1,2026-07-04T10:00:00Z,2026-07-04T11:00:00Z,2098105
app/bodegaai-production-alb/31b69d3d76ab5ed1,2026-07-04T11:00:00Z,2026-07-04T12:00:00Z,2123187
app/bodegaai-production-alb/31b69d3d76ab5ed1,2026-07-04T12:00:00Z,2026-07-04T13:00:00Z,2192982
app/bodegaai-production-alb/31b69d3d76ab5ed1,2026-07-04T13:00:00Z,2026-07-04T14:00:00Z,2221116
app/bodegaai-production-alb/31b69d3d76ab5ed1,2026-07-04T14:00:00Z,2026-07-04T15:00:00Z,2244060
app/bodegaai-production-alb/31b69d3d76ab5ed1,2026-07-04T15:00:00Z,2026-07-04T16:00:00Z,2275126
app/bodegaai-production-alb/31b69d3d76ab5ed1,2026-07-04T16:00:00Z,2026-07-04T17:00:00Z,2280449
app/bodegaai-production-alb/31b69d3d76ab5ed1,2026-07-04T17:00:00Z,2026-07-04T18:00:00Z,2264023
app/bodegaai-production-alb/31b69d3d76ab5ed1,2026-07-04T18:00:00Z,2026-07-04T19:00:00Z,2277412
app/bodegaai-production-alb/31b69d3d76ab5ed1,2026-07-04T19:00:00Z,2026-07-04T20:00:00Z,2281640
app/bodegaai-production-alb/31b69d3d76ab5ed1,2026-07-04T20:00:00Z,2026-07-04T21:00:00Z,2278313
app/bodegaai-production-alb/31b69d3d76ab5ed1,2026-07-04T21:00:00Z,2026-07-04T22:00:00Z,2272693
app/bodegaai-production-alb/31b69d3d76ab5ed1,2026-07-04T22:00:00Z,2026-07-04T23:00:00Z,2258533
app/bodegaai-production-alb/31b69d3d76ab5ed1,2026-07-04T23:00:00Z,2026-07-05T00:00:00Z,2256402
app/bodegaai-production-alb/31b69d3d76ab5ed1,2026-07-05T00:00:00Z,2026-07-05T01:00:00Z,2235113
app/bodegaai-production-alb/31b69d3d76ab5ed1,2026-07-05T01:00:00Z,2026-07-05T02:00:00Z,2239531
app/bodegaai-production-alb/31b69d3d76ab5ed1,2026-07-05T02:00:00Z,2026-07-05T03:00:00Z,2207254
app/bodegaai-production-alb/31b69d3d76ab5ed1,2026-07-05T03:00:00Z,2026-07-05T04:00:00Z,2167356
app/bodegaai-production-alb/31b69d3d76ab5ed1,2026-07-05T04:00:00Z,2026-07-05T05:00:00Z,2152914
app/bodegaai-production-alb/31b69d3d76ab5ed1,2026-07-05T05:00:00Z,2026-07-05T06:00:00Z,2137045
app/bodegaai-production-alb/31b69d3d76ab5ed1,2026-07-05T06:00:00Z,2026-07-05T07:00:00Z,2126490
app/bodegaai-production-alb/31b69d3d76ab5ed1,2026-07-05T07:00:00Z,2026-07-05T08:00:00Z,2115554
app/bodegaai-production-alb/31b69d3d76ab5ed1,2026-07-05T08:00:00Z,2026-07-05T09:00:00Z,2119199
app/bodegaai-production-alb/31b69d3d76ab5ed1,2026-07-05T09:00:00Z,2026-07-05T10:00:00Z,2122135
app/bodegaai-production-alb/31b69d3d76ab5ed1,2026-07-05T10:00:00Z,2026-07-05T11:00:00Z,2127860
app/bodegaai-production-alb/31b69d3d76ab5ed1,2026-07-05T11:00:00Z,2026-07-05T12:00:00Z,2141237
app/bodegaai-production-alb/31b69d3d76ab5ed1,2026-07-05T12:00:00Z,2026-07-05T13:00:00Z,2187869
app/bodegaai-production-alb/31b69d3d76ab5ed1,2026-07-05T13:00:00Z,2026-07-05T14:00:00Z,2204630
app/bodegaai-production-alb/31b69d3d76ab5ed1,2026-07-05T14:00:00Z,2026-07-05T15:00:00Z,2231787
app/bodegaai-production-alb/31b69d3d76ab5ed1,2026-07-05T15:00:00Z,2026-07-05T16:00:00Z,2249889
app/bodegaai-production-alb/31b69d3d76ab5ed1,2026-07-05T16:00:00Z,2026-07-05T17:00:00Z,2262192
app/bodegaai-production-alb/31b69d3d76ab5ed1,2026-07-05T17:00:00Z,2026-07-05T18:00:00Z,2264135
app/bodegaai-production-alb/31b69d3d76ab5ed1,2026-07-05T18:00:00Z,2026-07-05T19:00:00Z,2264713
app/bodegaai-production-alb/31b69d3d76ab5ed1,2026-07-05T19:00:00Z,2026-07-05T20:00:00Z,2263948
app/bodegaai-production-alb/31b69d3d76ab5ed1,2026-07-05T20:00:00Z,2026-07-05T21:00:00Z,2255528
app/bodegaai-production-alb/31b69d3d76ab5ed1,2026-07-05T21:00:00Z,2026-07-05T22:00:00Z,2261201
app/bodegaai-production-alb/31b69d3d76ab5ed1,2026-07-05T22:00:00Z,2026-07-05T23:00:00Z,2250131
app/bodegaai-production-alb/31b69d3d76ab5ed1,2026-07-05T23:00:00Z,2026-07-06T00:00:00Z,2235832
app/bodegaai-production-alb/31b69d3d76ab5ed1,2026-07-06T00:00:00Z,2026-07-06T01:00:00Z,2221826
app/bodegaai-production-alb/31b69d3d76ab5ed1,2026-07-06T01:00:00Z,2026-07-06T02:00:00Z,2211964
app/bodegaai-production-alb/31b69d3d76ab5ed1,2026-07-06T02:00:00Z,2026-07-06T03:00:00Z,2168244
app/bodegaai-production-alb/31b69d3d76ab5ed1,2026-07-06T03:00:00Z,2026-07-06T04:00:00Z,2135903
app/bodegaai-production-alb/31b69d3d76ab5ed1,2026-07-06T04:00:00Z,2026-07-06T05:00:00Z,2107444
app/bodegaai-production-alb/31b69d3d76ab5ed1,2026-07-06T05:00:00Z,2026-07-06T06:00:00Z,2098001
app/bodegaai-production-alb/31b69d3d76ab5ed1,2026-07-06T06:00:00Z,2026-07-06T07:00:00Z,2085878
app/bodegaai-production-alb/31b69d3d76ab5ed1,2026-07-06T07:00:00Z,2026-07-06T08:00:00Z,2090908
app/bodegaai-production-alb/31b69d3d76ab5ed1,2026-07-06T08:00:00Z,2026-07-06T09:00:00Z,2099061
app/bodegaai-production-alb/31b69d3d76ab5ed1,2026-07-06T09:00:00Z,2026-07-06T10:00:00Z,2101331
app/bodegaai-production-alb/31b69d3d76ab5ed1,2026-07-06T10:00:00Z,2026-07-06T11:00:00Z,2127528
app/bodegaai-production-alb/31b69d3d76ab5ed1,2026-07-06T11:00:00Z,2026-07-06T12:00:00Z,2154349
app/bodegaai-production-alb/31b69d3d76ab5ed1,2026-07-06T12:00:00Z,2026-07-06T13:00:00Z,2165058
app/bodegaai-production-alb/31b69d3d76ab5ed1,2026-07-06T13:00:00Z,2026-07-06T14:00:00Z,2202312
app/bodegaai-production-alb/31b69d3d76ab5ed1,2026-07-06T14:00:00Z,2026-07-06T15:00:00Z,2245195
app/bodegaai-production-alb/31b69d3d76ab5ed1,2026-07-06T15:00:00Z,2026-07-06T16:00:00Z,2287072
app/bodegaai-production-alb/31b69d3d76ab5ed1,2026-07-06T16:00:00Z,2026-07-06T17:00:00Z,2289383
app/bodegaai-production-alb/31b69d3d76ab5ed1,2026-07-06T17:00:00Z,2026-07-06T18:00:00Z,2281553
app/bodegaai-production-alb/31b69d3d76ab5ed1,2026-07-06T18:00:00Z,2026-07-06T19:00:00Z,2306867
app/bodegaai-production-alb/31b69d3d76ab5ed1,2026-07-06T19:00:00Z,2026-07-06T20:00:00Z,2310315
app/bodegaai-production-alb/31b69d3d76ab5ed1,2026-07-06T20:00:00Z,2026-07-06T21:00:00Z,2324361
app/bodegaai-production-alb/31b69d3d76ab5ed1,2026-07-06T21:00:00Z,2026-07-06T22:00:00Z,2333117
app/bodegaai-production-alb/31b69d3d76ab5ed1,2026-07-06T22:00:00Z,2026-07-06T23:00:00Z,2338496
app/bodegaai-production-alb/31b69d3d76ab5ed1,2026-07-06T23:00:00Z,2026-07-07T00:00:00Z,2337271
app/bodegaai-production-alb/31b69d3d76ab5ed1,2026-07-07T00:00:00Z,2026-07-07T01:00:00Z,2310127
app/bodegaai-production-alb/31b69d3d76ab5ed1,2026-07-07T01:00:00Z,2026-07-07T02:00:00Z,2297735
app/bodegaai-production-alb/31b69d3d76ab5ed1,2026-07-07T02:00:00Z,2026-07-07T03:00:00Z,2255625
app/bodegaai-production-alb/31b69d3d76ab5ed1,2026-07-07T03:00:00Z,2026-07-07T04:00:00Z,2225286
app/bodegaai-production-alb/31b69d3d76ab5ed1,2026-07-07T04:00:00Z,2026-07-07T05:00:00Z,2209492
app/bodegaai-production-alb/31b69d3d76ab5ed1,2026-07-07T05:00:00Z,2026-07-07T06:00:00Z,2194819
app/bodegaai-production-alb/31b69d3d76ab5ed1,2026-07-07T06:00:00Z,2026-07-07T07:00:00Z,2202847
app/bodegaai-production-alb/31b69d3d76ab5ed1,2026-07-07T07:00:00Z,2026-07-07T08:00:00Z,2204445
app/bodegaai-production-alb/31b69d3d76ab5ed1,2026-07-07T08:00:00Z,2026-07-07T09:00:00Z,2211216
app/bodegaai-production-alb/31b69d3d76ab5ed1,2026-07-07T09:00:00Z,2026-07-07T10:00:00Z,2222113
app/bodegaai-production-alb/31b69d3d76ab5ed1,2026-07-07T10:00:00Z,2026-07-07T11:00:00Z,2235824
app/bodegaai-production-alb/31b69d3d76ab5ed1,2026-07-07T11:00:00Z,2026-07-07T12:00:00Z,2259157
app/bodegaai-production-alb/31b69d3d76ab5ed1,2026-07-07T12:00:00Z,2026-07-07T13:00:00Z,2278755
app/bodegaai-production-alb/31b69d3d76ab5ed1,2026-07-07T13:00:00Z,2026-07-07T14:00:00Z,2300126
app/bodegaai-production-alb/31b69d3d76ab5ed1,2026-07-07T14:00:00Z,2026-07-07T15:00:00Z,2319221
app/bodegaai-production-alb/31b69d3d76ab5ed1,2026-07-07T15:00:00Z,2026-07-07T16:00:00Z,2340091
app/bodegaai-production-alb/31b69d3d76ab5ed1,2026-07-07T16:00:00Z,2026-07-07T17:00:00Z,2353057
app/bodegaai-production-alb/31b69d3d76ab5ed1,2026-07-07T17:00:00Z,2026-07-07T18:00:00Z,2283865
app/bodegaai-production-alb/31b69d3d76ab5ed1,2026-07-07T18:00:00Z,2026-07-07T19:00:00Z,2313970
app/bodegaai-production-alb/31b69d3d76ab5ed1,2026-07-07T19:00:00Z,2026-07-07T20:00:00Z,2347446
app/bodegaai-production-alb/31b69d3d76ab5ed1,2026-07-07T20:00:00Z,2026-07-07T21:00:00Z,2338997
app/bodegaai-production-alb/31b69d3d76ab5ed1,2026-07-07T21:00:00Z,2026-07-07T22:00:00Z,2353609
app/bodegaai-production-alb/31b69d3d76ab5ed1,2026-07-07T22:00:00Z,2026-07-07T23:00:00Z,2343241
app/bodegaai-production-alb/31b69d3d76ab5ed1,2026-07-07T23:00:00Z,2026-07-08T00:00:00Z,2351793
app/bodegaai-production-alb/31b69d3d76ab5ed1,2026-07-08T00:00:00Z,2026-07-08T01:00:00Z,2314986
app/bodegaai-production-alb/31b69d3d76ab5ed1,2026-07-08T01:00:00Z,2026-07-08T02:00:00Z,2286579
app/bodegaai-production-alb/31b69d3d76ab5ed1,2026-07-08T02:00:00Z,2026-07-08T03:00:00Z,2246949
app/bodegaai-production-alb/31b69d3d76ab5ed1,2026-07-08T03:00:00Z,2026-07-08T04:00:00Z,2205810
app/bodegaai-production-alb/31b69d3d76ab5ed1,2026-07-08T04:00:00Z,2026-07-08T05:00:00Z,2174161
app/bodegaai-production-alb/31b69d3d76ab5ed1,2026-07-08T05:00:00Z,2026-07-08T06:00:00Z,2165848
app/bodegaai-production-alb/31b69d3d76ab5ed1,2026-07-08T06:00:00Z,2026-07-08T07:00:00Z,2178938
app/bodegaai-production-alb/31b69d3d76ab5ed1,2026-07-08T07:00:00Z,2026-07-08T08:00:00Z,2167458
app/bodegaai-production-alb/31b69d3d76ab5ed1,2026-07-08T08:00:00Z,2026-07-08T09:00:00Z,2174179
app/bodegaai-production-alb/31b69d3d76ab5ed1,2026-07-08T09:00:00Z,2026-07-08T10:00:00Z,2178921
app/bodegaai-production-alb/31b69d3d76ab5ed1,2026-07-08T10:00:00Z,2026-07-08T11:00:00Z,2177924
app/bodegaai-production-alb/31b69d3d76ab5ed1,2026-07-08T11:00:00Z,2026-07-08T12:00:00Z,2208596
app/bodegaai-production-alb/31b69d3d76ab5ed1,2026-07-08T12:00:00Z,2026-07-08T13:00:00Z,2235510
app/bodegaai-production-alb/31b69d3d76ab5ed1,2026-07-08T13:00:00Z,2026-07-08T14:00:00Z,2286243
app/bodegaai-production-alb/31b69d3d76ab5ed1,2026-07-08T14:00:00Z,2026-07-08T15:00:00Z,2336217
app/bodegaai-production-alb/31b69d3d76ab5ed1,2026-07-08T15:00:00Z,2026-07-08T16:00:00Z,2332885
app/bodegaai-production-alb/31b69d3d76ab5ed1,2026-07-08T16:00:00Z,2026-07-08T17:00:00Z,2351137
app/bodegaai-production-alb/31b69d3d76ab5ed1,2026-07-08T17:00:00Z,2026-07-08T18:00:00Z,2348422
app/bodegaai-production-alb/31b69d3d76ab5ed1,2026-07-08T18:00:00Z,2026-07-08T19:00:00Z,2326815
app/bodegaai-production-alb/31b69d3d76ab5ed1,2026-07-08T19:00:00Z,2026-07-08T20:00:00Z,2329355
app/bodegaai-production-alb/31b69d3d76ab5ed1,2026-07-08T20:00:00Z,2026-07-08T21:00:00Z,2358733
app/bodegaai-production-alb/31b69d3d76ab5ed1,2026-07-08T21:00:00Z,2026-07-08T22:00:00Z,2350760
app/bodegaai-production-alb/31b69d3d76ab5ed1,2026-07-08T22:00:00Z,2026-07-08T23:00:00Z,2372244
app/bodegaai-production-alb/31b69d3d76ab5ed1,2026-07-08T23:00:00Z,2026-07-09T00:00:00Z,2359775
app/bodegaai-production-alb/31b69d3d76ab5ed1,2026-07-09T00:00:00Z,2026-07-09T01:00:00Z,2277927
app/bodegaai-production-alb/31b69d3d76ab5ed1,2026-07-09T01:00:00Z,2026-07-09T02:00:00Z,2340166
app/bodegaai-production-alb/31b69d3d76ab5ed1,2026-07-09T02:00:00Z,2026-07-09T03:00:00Z,2286488
app/bodegaai-production-alb/31b69d3d76ab5ed1,2026-07-09T03:00:00Z,2026-07-09T04:00:00Z,2249690
app/bodegaai-production-alb/31b69d3d76ab5ed1,2026-07-09T04:00:00Z,2026-07-09T05:00:00Z,2224100
app/bodegaai-production-alb/31b69d3d76ab5ed1,2026-07-09T05:00:00Z,2026-07-09T06:00:00Z,2225745
app/bodegaai-production-alb/31b69d3d76ab5ed1,2026-07-09T06:00:00Z,2026-07-09T07:00:00Z,2224715
app/bodegaai-production-alb/31b69d3d76ab5ed1,2026-07-09T07:00:00Z,2026-07-09T08:00:00Z,2220302
app/bodegaai-production-alb/31b69d3d76ab5ed1,2026-07-09T08:00:00Z,2026-07-09T09:00:00Z,2217767
app/bodegaai-production-alb/31b69d3d76ab5ed1,2026-07-09T09:00:00Z,2026-07-09T10:00:00Z,2220454
app/bodegaai-production-alb/31b69d3d76ab5ed1,2026-07-09T10:00:00Z,2026-07-09T11:00:00Z,2233475
app/bodegaai-production-alb/31b69d3d76ab5ed1,2026-07-09T11:00:00Z,2026-07-09T12:00:00Z,2257690
app/bodegaai-production-alb/31b69d3d76ab5ed1,2026-07-09T12:00:00Z,2026-07-09T13:00:00Z,2287611
app/bodegaai-production-alb/31b69d3d76ab5ed1,2026-07-09T13:00:00Z,2026-07-09T14:00:00Z,2321195
app/bodegaai-production-alb/31b69d3d76ab5ed1,2026-07-09T14:00:00Z,2026-07-09T15:00:00Z,2368369
app/bodegaai-production-alb/31b69d3d76ab5ed1,2026-07-09T15:00:00Z,2026-07-09T16:00:00Z,2378027
app/bodegaai-production-alb/31b69d3d76ab5ed1,2026-07-09T16:00:00Z,2026-07-09T17:00:00Z,2391352
app/bodegaai-production-alb/31b69d3d76ab5ed1,2026-07-09T17:00:00Z,2026-07-09T18:00:00Z,2418949
app/bodegaai-production-alb/31b69d3d76ab5ed1,2026-07-09T18:00:00Z,2026-07-09T19:00:00Z,2420796
app/bodegaai-production-alb/31b69d3d76ab5ed1,2026-07-09T19:00:00Z,2026-07-09T20:00:00Z,2416256
app/bodegaai-production-alb/31b69d3d76ab5ed1,2026-07-09T20:00:00Z,2026-07-09T21:00:00Z,2412241
app/bodegaai-production-alb/31b69d3d76ab5ed1,2026-07-09T21:00:00Z,2026-07-09T22:00:00Z,2417228
app/bodegaai-production-alb/31b69d3d76ab5ed1,2026-07-09T22:00:00Z,2026-07-09T23:00:00Z,2424706
app/bodegaai-production-alb/31b69d3d76ab5ed1,2026-07-09T23:00:00Z,2026-07-10T00:00:00Z,2426077
app/bodegaai-production-alb/31b69d3d76ab5ed1,2026-07-10T00:00:00Z,2026-07-10T01:00:00Z,2416718
app/bodegaai-production-alb/31b69d3d76ab5ed1,2026-07-10T01:00:00Z,2026-07-10T02:00:00Z,2400299
app/bodegaai-production-alb/31b69d3d76ab5ed1,2026-07-10T02:00:00Z,2026-07-10T03:00:00Z,2364647
app/bodegaai-production-alb/31b69d3d76ab5ed1,2026-07-10T03:00:00Z,2026-07-10T04:00:00Z,2327588
app/bodegaai-production-alb/31b69d3d76ab5ed1,2026-07-10T04:00:00Z,2026-07-10T05:00:00Z,2299565
app/bodegaai-production-alb/31b69d3d76ab5ed1,2026-07-10T05:00:00Z,2026-07-10T06:00:00Z,2289783
app/bodegaai-production-alb/31b69d3d76ab5ed1,2026-07-10T06:00:00Z,2026-07-10T07:00:00Z,2289309
app/bodegaai-production-alb/31b69d3d76ab5ed1,2026-07-10T07:00:00Z,2026-07-10T08:00:00Z,2289775
app/bodegaai-production-alb/31b69d3d76ab5ed1,2026-07-10T08:00:00Z,2026-07-10T09:00:00Z,2293557
app/bodegaai-production-alb/31b69d3d76ab5ed1,2026-07-10T09:00:00Z,2026-07-10T10:00:00Z,2295691
app/bodegaai-production-alb/31b69d3d76ab5ed1,2026-07-10T10:00:00Z,2026-07-10T11:00:00Z,2307008
app/bodegaai-production-alb/31b69d3d76ab5ed1,2026-07-10T11:00:00Z,2026-07-10T12:00:00Z,2344606
app/bodegaai-production-alb/31b69d3d76ab5ed1,2026-07-10T12:00:00Z,2026-07-10T13:00:00Z,2370519
app/bodegaai-production-alb/31b69d3d76ab5ed1,2026-07-10T13:00:00Z,2026-07-10T14:00:00Z,2402532
app/bodegaai-production-alb/31b69d3d76ab5ed1,2026-07-10T14:00:00Z,2026-07-10T15:00:00Z,2427700
app/bodegaai-production-alb/31b69d3d76ab5ed1,2026-07-10T15:00:00Z,2026-07-10T16:00:00Z,2366466
app/bodegaai-production-alb/31b69d3d76ab5ed1,2026-07-10T16:00:00Z,2026-07-10T17:00:00Z,2433683
app/bodegaai-production-alb/31b69d3d76ab5ed1,2026-07-10T17:00:00Z,2026-07-10T18:00:00Z,2464418
app/bodegaai-production-alb/31b69d3d76ab5ed1,2026-07-10T18:00:00Z,2026-07-10T19:00:00Z,2432579
app/bodegaai-production-alb/31b69d3d76ab5ed1,2026-07-10T19:00:00Z,2026-07-10T20:00:00Z,2441295
app/bodegaai-production-alb/31b69d3d76ab5ed1,2026-07-10T20:00:00Z,2026-07-10T21:00:00Z,2436481
app/bodegaai-production-alb/31b69d3d76ab5ed1,2026-07-10T21:00:00Z,2026-07-10T22:00:00Z,2439036
app/bodegaai-production-alb/31b69d3d76ab5ed1,2026-07-10T22:00:00Z,2026-07-10T23:00:00Z,2451920
app/bodegaai-production-alb/31b69d3d76ab5ed1,2026-07-10T23:00:00Z,2026-07-11T00:00:00Z,2424317
app/bodegaai-production-alb/31b69d3d76ab5ed1,2026-07-11T00:00:00Z,2026-07-11T01:00:00Z,2408731
app/bodegaai-production-alb/31b69d3d76ab5ed1,2026-07-11T01:00:00Z,2026-07-11T02:00:00Z,2398110
app/bodegaai-production-alb/31b69d3d76ab5ed1,2026-07-11T02:00:00Z,2026-07-11T03:00:00Z,2372055
app/bodegaai-production-alb/31b69d3d76ab5ed1,2026-07-11T03:00:00Z,2026-07-11T04:00:00Z,2339774
app/bodegaai-production-alb/31b69d3d76ab5ed1,2026-07-11T04:00:00Z,2026-07-11T05:00:00Z,2328094
app/bodegaai-production-alb/31b69d3d76ab5ed1,2026-07-11T05:00:00Z,2026-07-11T06:00:00Z,2316411
app/bodegaai-production-alb/31b69d3d76ab5ed1,2026-07-11T06:00:00Z,2026-07-11T07:00:00Z,2306106
app/bodegaai-production-alb/31b69d3d76ab5ed1,2026-07-11T07:00:00Z,2026-07-11T08:00:00Z,2296706
app/bodegaai-production-alb/31b69d3d76ab5ed1,2026-07-11T08:00:00Z,2026-07-11T09:00:00Z,2222180
app/bodegaai-production-alb/31b69d3d76ab5ed1,2026-07-11T09:00:00Z,2026-07-11T10:00:00Z,2303108
app/bodegaai-production-alb/31b69d3d76ab5ed1,2026-07-11T10:00:00Z,2026-07-11T11:00:00Z,2314942
app/bodegaai-production-alb/31b69d3d76ab5ed1,2026-07-11T11:00:00Z,2026-07-11T12:00:00Z,2341347
app/bodegaai-production-alb/31b69d3d76ab5ed1,2026-07-11T12:00:00Z,2026-07-11T13:00:00Z,2414107
app/bodegaai-production-alb/31b69d3d76ab5ed1,2026-07-11T13:00:00Z,2026-07-11T14:00:00Z,2448239
app/bodegaai-production-alb/31b69d3d76ab5ed1,2026-07-11T14:00:00Z,2026-07-11T15:00:00Z,2484863
app/bodegaai-production-alb/31b69d3d76ab5ed1,2026-07-11T15:00:00Z,2026-07-11T16:00:00Z,2517358
app/bodegaai-production-alb/31b69d3d76ab5ed1,2026-07-11T16:00:00Z,2026-07-11T17:00:00Z,2517373
app/bodegaai-production-alb/31b69d3d76ab5ed1,2026-07-11T17:00:00Z,2026-07-11T18:00:00Z,2525727
app/bodegaai-production-alb/31b69d3d76ab5ed1,2026-07-11T18:00:00Z,2026-07-11T19:00:00Z,2527354
app/bodegaai-production-alb/31b69d3d76ab5ed1,2026-07-11T19:00:00Z,2026-07-11T20:00:00Z,2535564
app/bodegaai-production-alb/31b69d3d76ab5ed1,2026-07-11T20:00:00Z,2026-07-11T21:00:00Z,2536631
app/bodegaai-production-alb/31b69d3d76ab5ed1,2026-07-11T21:00:00Z,2026-07-11T22:00:00Z,2521745
app/bodegaai-production-alb/31b69d3d76ab5ed1,2026-07-11T22:00:00Z,2026-07-11T23:00:00Z,2516350
app/bodegaai-production-alb/31b69d3d76ab5ed1,2026-07-11T23:00:00Z,2026-07-12T00:00:00Z,2504153
app/bodegaai-production-alb/31b69d3d76ab5ed1,2026-07-12T00:00:00Z,2026-07-12T01:00:00Z,2505428
app/bodegaai-production-alb/31b69d3d76ab5ed1,2026-07-12T01:00:00Z,2026-07-12T02:00:00Z,2488049
app/bodegaai-production-alb/31b69d3d76ab5ed1,2026-07-12T02:00:00Z,2026-07-12T03:00:00Z,2430049
app/bodegaai-production-alb/31b69d3d76ab5ed1,2026-07-12T03:00:00Z,2026-07-12T04:00:00Z,2363826
app/bodegaai-production-alb/31b69d3d76ab5ed1,2026-07-12T04:00:00Z,2026-07-12T05:00:00Z,2365251
app/bodegaai-production-alb/31b69d3d76ab5ed1,2026-07-12T05:00:00Z,2026-07-12T06:00:00Z,2366018
app/bodegaai-production-alb/31b69d3d76ab5ed1,2026-07-12T06:00:00Z,2026-07-12T07:00:00Z,2354677
app/bodegaai-production-alb/31b69d3d76ab5ed1,2026-07-12T07:00:00Z,2026-07-12T08:00:00Z,2348454
app/bodegaai-production-alb/31b69d3d76ab5ed1,2026-07-12T08:00:00Z,2026-07-12T09:00:00Z,2355052
app/bodegaai-production-alb/31b69d3d76ab5ed1,2026-07-12T09:00:00Z,2026-07-12T10:00:00Z,2358657
app/bodegaai-production-alb/31b69d3d76ab5ed1,2026-07-12T10:00:00Z,2026-07-12T11:00:00Z,2360483
app/bodegaai-production-alb/31b69d3d76ab5ed1,2026-07-12T11:00:00Z,2026-07-12T12:00:00Z,2378412
app/bodegaai-production-alb/31b69d3d76ab5ed1,2026-07-12T12:00:00Z,2026-07-12T13:00:00Z,2419311
app/bodegaai-production-alb/31b69d3d76ab5ed1,2026-07-12T13:00:00Z,2026-07-12T14:00:00Z,2455215
app/bodegaai-production-alb/31b69d3d76ab5ed1,2026-07-12T14:00:00Z,2026-07-12T15:00:00Z,2486151
app/bodegaai-production-alb/31b69d3d76ab5ed1,2026-07-12T15:00:00Z,2026-07-12T16:00:00Z,2497784
app/bodegaai-production-alb/31b69d3d76ab5ed1,2026-07-12T16:00:00Z,2026-07-12T17:00:00Z,2513549
app/bodegaai-production-alb/31b69d3d76ab5ed1,2026-07-12T17:00:00Z,2026-07-12T18:00:00Z,2517664
app/bodegaai-production-alb/31b69d3d76ab5ed1,2026-07-12T18:00:00Z,2026-07-12T19:00:00Z,2513598
app/bodegaai-production-alb/31b69d3d76ab5ed1,2026-07-12T19:00:00Z,2026-07-12T20:00:00Z,2502116
app/bodegaai-production-alb/31b69d3d76ab5ed1,2026-07-12T20:00:00Z,2026-07-12T21:00:00Z,2502913
app/bodegaai-production-alb/31b69d3d76ab5ed1,2026-07-12T21:00:00Z,2026-07-12T22:00:00Z,2503926
app/bodegaai-production-alb/31b69d3d76ab5ed1,2026-07-12T22:00:00Z,2026-07-12T23:00:00Z,2497330
app/bodegaai-production-alb/31b69d3d76ab5ed1,2026-07-12T23:00:00Z,2026-07-13T00:00:00Z,2475572
app/bodegaai-production-alb/31b69d3d76ab5ed1,2026-07-13T00:00:00Z,2026-07-13T01:00:00Z,2454933
app/bodegaai-production-alb/31b69d3d76ab5ed1,2026-07-13T01:00:00Z,2026-07-13T02:00:00Z,2440680
app/bodegaai-production-alb/31b69d3d76ab5ed1,2026-07-13T02:00:00Z,2026-07-13T03:00:00Z,2380036
app/bodegaai-production-alb/31b69d3d76ab5ed1,2026-07-13T03:00:00Z,2026-07-13T04:00:00Z,2335760
app/bodegaai-production-alb/31b69d3d76ab5ed1,2026-07-13T04:00:00Z,2026-07-13T05:00:00Z,2307919
app/bodegaai-production-alb/31b69d3d76ab5ed1,2026-07-13T05:00:00Z,2026-07-13T06:00:00Z,2302177
app/bodegaai-production-alb/31b69d3d76ab5ed1,2026-07-13T06:00:00Z,2026-07-13T07:00:00Z,2306850
app/bodegaai-production-alb/31b69d3d76ab5ed1,2026-07-13T07:00:00Z,2026-07-13T08:00:00Z,2299824
app/bodegaai-production-alb/31b69d3d76ab5ed1,2026-07-13T08:00:00Z,2026-07-13T09:00:00Z,2309295
app/bodegaai-production-alb/31b69d3d76ab5ed1,2026-07-13T09:00:00Z,2026-07-13T10:00:00Z,2308413
app/bodegaai-production-alb/31b69d3d76ab5ed1,2026-07-13T10:00:00Z,2026-07-13T11:00:00Z,2337215
app/bodegaai-production-alb/31b69d3d76ab5ed1,2026-07-13T11:00:00Z,2026-07-13T12:00:00Z,2366589
app/bodegaai-production-alb/31b69d3d76ab5ed1,2026-07-13T12:00:00Z,2026-07-13T13:00:00Z,2412097
app/bodegaai-production-alb/31b69d3d76ab5ed1,2026-07-13T13:00:00Z,2026-07-13T14:00:00Z,2425075
app/bodegaai-production-alb/31b69d3d76ab5ed1,2026-07-13T14:00:00Z,2026-07-13T15:00:00Z,2454796
app/bodegaai-production-alb/31b69d3d76ab5ed1,2026-07-13T15:00:00Z,2026-07-13T16:00:00Z,2449334
app/bodegaai-production-alb/31b69d3d76ab5ed1,2026-07-13T16:00:00Z,2026-07-13T17:00:00Z,2475966
app/bodegaai-production-alb/31b69d3d76ab5ed1,2026-07-13T17:00:00Z,2026-07-13T18:00:00Z,2434928
app/bodegaai-production-alb/31b69d3d76ab5ed1,2026-07-13T18:00:00Z,2026-07-13T19:00:00Z,2433512
app/bodegaai-production-alb/31b69d3d76ab5ed1,2026-07-13T19:00:00Z,2026-07-13T20:00:00Z,2426239
app/bodegaai-production-alb/31b69d3d76ab5ed1,2026-07-13T20:00:00Z,2026-07-13T21:00:00Z,2429679
app/bodegaai-production-alb/31b69d3d76ab5ed1,2026-07-13T21:00:00Z,2026-07-13T22:00:00Z,2423727
app/bodegaai-production-alb/31b69d3d76ab5ed1,2026-07-13T22:00:00Z,2026-07-13T23:00:00Z,2424772
app/bodegaai-production-alb/31b69d3d76ab5ed1,2026-07-13T23:00:00Z,2026-07-14T00:00:00Z,2417440
app/bodegaai-production-alb/31b69d3d76ab5ed1,2026-07-14T00:00:00Z,2026-07-14T01:00:00Z,2393374
app/bodegaai-production-alb/31b69d3d76ab5ed1,2026-07-14T01:00:00Z,2026-07-14T02:00:00Z,2385515
app/bodegaai-production-alb/31b69d3d76ab5ed1,2026-07-14T02:00:00Z,2026-07-14T03:00:00Z,2344068
app/bodegaai-production-alb/31b69d3d76ab5ed1,2026-07-14T03:00:00Z,2026-07-14T04:00:00Z,2308896
app/bodegaai-production-alb/31b69d3d76ab5ed1,2026-07-14T04:00:00Z,2026-07-14T05:00:00Z,2274242
app/bodegaai-production-alb/31b69d3d76ab5ed1,2026-07-14T05:00:00Z,2026-07-14T06:00:00Z,2262987
app/bodegaai-production-alb/31b69d3d76ab5ed1,2026-07-14T06:00:00Z,2026-07-14T07:00:00Z,2263816
app/bodegaai-production-alb/31b69d3d76ab5ed1,2026-07-14T07:00:00Z,2026-07-14T08:00:00Z,2256651
app/bodegaai-production-alb/31b69d3d76ab5ed1,2026-07-14T08:00:00Z,2026-07-14T09:00:00Z,2269370
app/bodegaai-production-alb/31b69d3d76ab5ed1,2026-07-14T09:00:00Z,2026-07-14T10:00:00Z,2275556
app/bodegaai-production-alb/31b69d3d76ab5ed1,2026-07-14T10:00:00Z,2026-07-14T11:00:00Z,2284948
app/bodegaai-production-alb/31b69d3d76ab5ed1,2026-07-14T11:00:00Z,2026-07-14T12:00:00Z,2310194
app/bodegaai-production-alb/31b69d3d76ab5ed1,2026-07-14T12:00:00Z,2026-07-14T13:00:00Z,2334018
app/bodegaai-production-alb/31b69d3d76ab5ed1,2026-07-14T13:00:00Z,2026-07-14T14:00:00Z,2359781
app/bodegaai-production-alb/31b69d3d76ab5ed1,2026-07-14T14:00:00Z,2026-07-14T15:00:00Z,2404563
app/bodegaai-production-alb/31b69d3d76ab5ed1,2026-07-14T15:00:00Z,2026-07-14T16:00:00Z,2406942
app/bodegaai-production-alb/31b69d3d76ab5ed1,2026-07-14T16:00:00Z,2026-07-14T17:00:00Z,2421814
app/bodegaai-production-alb/31b69d3d76ab5ed1,2026-07-14T17:00:00Z,2026-07-14T18:00:00Z,2420910
app/bodegaai-production-alb/31b69d3d76ab5ed1,2026-07-14T18:00:00Z,2026-07-14T19:00:00Z,2406298
app/bodegaai-production-alb/31b69d3d76ab5ed1,2026-07-14T19:00:00Z,2026-07-14T20:00:00Z,2414623
app/bodegaai-production-alb/31b69d3d76ab5ed1,2026-07-14T20:00:00Z,2026-07-14T21:00:00Z,2409343
app/bodegaai-production-alb/31b69d3d76ab5ed1,2026-07-14T21:00:00Z,2026-07-14T22:00:00Z,2428575
app/bodegaai-production-alb/31b69d3d76ab5ed1,2026-07-14T22:00:00Z,2026-07-14T23:00:00Z,2426720
app/bodegaai-production-alb/31b69d3d76ab5ed1,2026-07-14T23:00:00Z,2026-07-15T00:00:00Z,2428442
app/bodegaai-production-alb/31b69d3d76ab5ed1,2026-07-15T00:00:00Z,2026-07-15T01:00:00Z,2410596
app/bodegaai-production-alb/31b69d3d76ab5ed1,2026-07-15T01:00:00Z,2026-07-15T02:00:00Z,2395971
app/bodegaai-production-alb/31b69d3d76ab5ed1,2026-07-15T02:00:00Z,2026-07-15T03:00:00Z,2350145
app/bodegaai-production-alb/31b69d3d76ab5ed1,2026-07-15T03:00:00Z,2026-07-15T04:00:00Z,2316960
app/bodegaai-production-alb/31b69d3d76ab5ed1,2026-07-15T04:00:00Z,2026-07-15T05:00:00Z,2281385
app/bodegaai-production-alb/31b69d3d76ab5ed1,2026-07-15T05:00:00Z,2026-07-15T06:00:00Z,2273327
app/bodegaai-production-alb/31b69d3d76ab5ed1,2026-07-15T06:00:00Z,2026-07-15T07:00:00Z,2266926
app/bodegaai-production-alb/31b69d3d76ab5ed1,2026-07-15T07:00:00Z,2026-07-15T08:00:00Z,2262569
app/bodegaai-production-alb/31b69d3d76ab5ed1,2026-07-15T08:00:00Z,2026-07-15T09:00:00Z,2264075
app/bodegaai-production-alb/31b69d3d76ab5ed1,2026-07-15T09:00:00Z,2026-07-15T10:00:00Z,2272149
app/bodegaai-production-alb/31b69d3d76ab5ed1,2026-07-15T10:00:00Z,2026-07-15T11:00:00Z,2290216
app/bodegaai-production-alb/31b69d3d76ab5ed1,2026-07-15T11:00:00Z,2026-07-15T12:00:00Z,2320374
app/bodegaai-production-alb/31b69d3d76ab5ed1,2026-07-15T12:00:00Z,2026-07-15T13:00:00Z,2353868
app/bodegaai-production-alb/31b69d3d76ab5ed1,2026-07-15T13:00:00Z,2026-07-15T14:00:00Z,2399837
app/bodegaai-production-alb/31b69d3d76ab5ed1,2026-07-15T14:00:00Z,2026-07-15T15:00:00Z,2414863
app/bodegaai-production-alb/31b69d3d76ab5ed1,2026-07-15T15:00:00Z,2026-07-15T16:00:00Z,2421378
app/bodegaai-production-alb/31b69d3d76ab5ed1,2026-07-15T16:00:00Z,2026-07-15T17:00:00Z,2416879
app/bodegaai-production-alb/31b69d3d76ab5ed1,2026-07-15T17:00:00Z,2026-07-15T18:00:00Z,2420036
app/bodegaai-production-alb/31b69d3d76ab5ed1,2026-07-15T18:00:00Z,2026-07-15T19:00:00Z,2438488
app/bodegaai-production-alb/31b69d3d76ab5ed1,2026-07-15T19:00:00Z,2026-07-15T20:00:00Z,2444591
app/bodegaai-production-alb/31b69d3d76ab5ed1,2026-07-15T20:00:00Z,2026-07-15T21:00:00Z,2432241
app/bodegaai-production-alb/31b69d3d76ab5ed1,2026-07-15T21:00:00Z,2026-07-15T22:00:00Z,2404508
app/bodegaai-production-alb/31b69d3d76ab5ed1,2026-07-15T22:00:00Z,2026-07-15T23:00:00Z,2252557
app/bodegaai-production-alb/31b69d3d76ab5ed1,2026-07-15T23:00:00Z,2026-07-16T00:00:00Z,2219270
app/bodegaai-production-alb/31b69d3d76ab5ed1,2026-07-16T00:00:00Z,2026-07-16T01:00:00Z,2182083
app/bodegaai-production-alb/31b69d3d76ab5ed1,2026-07-16T01:00:00Z,2026-07-16T02:00:00Z,2153776
app/bodegaai-production-alb/31b69d3d76ab5ed1,2026-07-16T02:00:00Z,2026-07-16T03:00:00Z,2107458
app/bodegaai-production-alb/31b69d3d76ab5ed1,2026-07-16T03:00:00Z,2026-07-16T04:00:00Z,2066846
app/bodegaai-production-alb/31b69d3d76ab5ed1,2026-07-16T04:00:00Z,2026-07-16T05:00:00Z,2031120
app/bodegaai-production-alb/31b69d3d76ab5ed1,2026-07-16T05:00:00Z,2026-07-16T06:00:00Z,2022017
app/bodegaai-production-alb/31b69d3d76ab5ed1,2026-07-16T06:00:00Z,2026-07-16T07:00:00Z,2017103
app/bodegaai-production-alb/31b69d3d76ab5ed1,2026-07-16T07:00:00Z,2026-07-16T08:00:00Z,2013337
app/bodegaai-production-alb/31b69d3d76ab5ed1,2026-07-16T08:00:00Z,2026-07-16T09:00:00Z,2017588
app/bodegaai-production-alb/31b69d3d76ab5ed1,2026-07-16T09:00:00Z,2026-07-16T10:00:00Z,2015305
app/bodegaai-production-alb/31b69d3d76ab5ed1,2026-07-16T10:00:00Z,2026-07-16T11:00:00Z,2033941
app/bodegaai-production-alb/31b69d3d76ab5ed1,2026-07-16T11:00:00Z,2026-07-16T12:00:00Z,2067417
app/bodegaai-production-alb/31b69d3d76ab5ed1,2026-07-16T12:00:00Z,2026-07-16T13:00:00Z,2099388
app/bodegaai-production-alb/31b69d3d76ab5ed1,2026-07-16T13:00:00Z,2026-07-16T14:00:00Z,2135065
app/bodegaai-production-alb/31b69d3d76ab5ed1,2026-07-16T14:00:00Z,2026-07-16T15:00:00Z,2172405
app/bodegaai-production-alb/31b69d3d76ab5ed1,2026-07-16T15:00:00Z,2026-07-16T16:00:00Z,2169272
app/bodegaai-production-alb/31b69d3d76ab5ed1,2026-07-16T16:00:00Z,2026-07-16T17:00:00Z,2177260
app/bodegaai-production-alb/31b69d3d76ab5ed1,2026-07-16T17:00:00Z,2026-07-16T18:00:00Z,2173612
app/bodegaai-production-alb/31b69d3d76ab5ed1,2026-07-16T18:00:00Z,2026-07-16T19:00:00Z,2202799
app/bodegaai-production-alb/31b69d3d76ab5ed1,2026-07-16T19:00:00Z,2026-07-16T20:00:00Z,2174779
app/bodegaai-production-alb/31b69d3d76ab5ed1,2026-07-16T20:00:00Z,2026-07-16T21:00:00Z,2157027
app/bodegaai-production-alb/31b69d3d76ab5ed1,2026-07-16T21:00:00Z,2026-07-16T22:00:00Z,2158510
app/bodegaai-production-alb/31b69d3d76ab5ed1,2026-07-16T22:00:00Z,2026-07-16T23:00:00Z,2158842
app/bodegaai-production-alb/31b69d3d76ab5ed1,2026-07-16T23:00:00Z,2026-07-17T00:00:00Z,2138537
app/bodegaai-production-alb/31b69d3d76ab5ed1,2026-07-17T00:00:00Z,2026-07-17T01:00:00Z,2135068
app/bodegaai-production-alb/31b69d3d76ab5ed1,2026-07-17T01:00:00Z,2026-07-17T02:00:00Z,2118232
app/bodegaai-production-alb/31b69d3d76ab5ed1,2026-07-17T02:00:00Z,2026-07-17T03:00:00Z,2079496
app/bodegaai-production-alb/31b69d3d76ab5ed1,2026-07-17T03:00:00Z,2026-07-17T04:00:00Z,2030507
app/bodegaai-production-alb/31b69d3d76ab5ed1,2026-07-17T04:00:00Z,2026-07-17T05:00:00Z,1986725
app/bodegaai-production-alb/31b69d3d76ab5ed1,2026-07-17T05:00:00Z,2026-07-17T06:00:00Z,1975734
app/bodegaai-production-alb/31b69d3d76ab5ed1,2026-07-17T06:00:00Z,2026-07-17T07:00:00Z,1969252
app/bodegaai-production-alb/31b69d3d76ab5ed1,2026-07-17T07:00:00Z,2026-07-17T08:00:00Z,1964031
app/bodegaai-production-alb/31b69d3d76ab5ed1,2026-07-17T08:00:00Z,2026-07-17T09:00:00Z,1966441
app/bodegaai-production-alb/31b69d3d76ab5ed1,2026-07-17T09:00:00Z,2026-07-17T10:00:00Z,1972134
app/bodegaai-production-alb/31b69d3d76ab5ed1,2026-07-17T10:00:00Z,2026-07-17T11:00:00Z,1989510
app/bodegaai-production-alb/31b69d3d76ab5ed1,2026-07-17T11:00:00Z,2026-07-17T12:00:00Z,2029908
app/bodegaai-production-alb/31b69d3d76ab5ed1,2026-07-17T12:00:00Z,2026-07-17T13:00:00Z,2063566
app/bodegaai-production-alb/31b69d3d76ab5ed1,2026-07-17T13:00:00Z,2026-07-17T14:00:00Z,2082652
app/bodegaai-production-alb/31b69d3d76ab5ed1,2026-07-17T14:00:00Z,2026-07-17T15:00:00Z,2115731
app/bodegaai-production-alb/31b69d3d76ab5ed1,2026-07-17T15:00:00Z,2026-07-17T16:00:00Z,2119626
app/bodegaai-production-alb/31b69d3d76ab5ed1,2026-07-17T16:00:00Z,2026-07-17T17:00:00Z,2130549
app/bodegaai-production-alb/31b69d3d76ab5ed1,2026-07-17T17:00:00Z,2026-07-17T18:00:00Z,2112832
app/bodegaai-production-alb/31b69d3d76ab5ed1,2026-07-17T18:00:00Z,2026-07-17T19:00:00Z,2098280
app/bodegaai-production-alb/31b69d3d76ab5ed1,2026-07-17T19:00:00Z,2026-07-17T20:00:00Z,2135403
app/bodegaai-production-alb/31b69d3d76ab5ed1,2026-07-17T20:00:00Z,2026-07-17T21:00:00Z,2153727
app/bodegaai-production-alb/31b69d3d76ab5ed1,2026-07-17T21:00:00Z,2026-07-17T22:00:00Z,2151195
app/bodegaai-production-alb/31b69d3d76ab5ed1,2026-07-17T22:00:00Z,2026-07-17T23:00:00Z,2148345
app/bodegaai-production-alb/31b69d3d76ab5ed1,2026-07-17T23:00:00Z,2026-07-18T00:00:00Z,2131039
app/bodegaai-production-alb/31b69d3d76ab5ed1,2026-07-18T00:00:00Z,2026-07-18T01:00:00Z,2129065
app/bodegaai-production-alb/31b69d3d76ab5ed1,2026-07-18T01:00:00Z,2026-07-18T02:00:00Z,2123869
app/bodegaai-production-alb/31b69d3d76ab5ed1,2026-07-18T02:00:00Z,2026-07-18T03:00:00Z,2084228
app/bodegaai-production-alb/31b69d3d76ab5ed1,2026-07-18T03:00:00Z,2026-07-18T04:00:00Z,2035241
app/bodegaai-production-alb/31b69d3d76ab5ed1,2026-07-18T04:00:00Z,2026-07-18T05:00:00Z,2009927
app/bodegaai-production-alb/31b69d3d76ab5ed1,2026-07-18T05:00:00Z,2026-07-18T06:00:00Z,2002021
app/bodegaai-production-alb/31b69d3d76ab5ed1,2026-07-18T06:00:00Z,2026-07-18T07:00:00Z,1988345
app/bodegaai-production-alb/31b69d3d76ab5ed1,2026-07-18T07:00:00Z,2026-07-18T08:00:00Z,1975624
app/bodegaai-production-alb/31b69d3d76ab5ed1,2026-07-18T08:00:00Z,2026-07-18T09:00:00Z,1979415
app/bodegaai-production-alb/31b69d3d76ab5ed1,2026-07-18T09:00:00Z,2026-07-18T10:00:00Z,1981588
app/bodegaai-production-alb/31b69d3d76ab5ed1,2026-07-18T10:00:00Z,2026-07-18T11:00:00Z,1989310
app/bodegaai-production-alb/31b69d3d76ab5ed1,2026-07-18T11:00:00Z,2026-07-18T12:00:00Z,2015356
app/bodegaai-production-alb/31b69d3d76ab5ed1,2026-07-18T12:00:00Z,2026-07-18T13:00:00Z,2047554
app/bodegaai-production-alb/31b69d3d76ab5ed1,2026-07-18T13:00:00Z,2026-07-18T14:00:00Z,2088359
app/bodegaai-production-alb/31b69d3d76ab5ed1,2026-07-18T14:00:00Z,2026-07-18T15:00:00Z,2121770
app/bodegaai-production-alb/31b69d3d76ab5ed1,2026-07-18T15:00:00Z,2026-07-18T16:00:00Z,2131556
app/bodegaai-production-alb/31b69d3d76ab5ed1,2026-07-18T16:00:00Z,2026-07-18T17:00:00Z,2134469
app/bodegaai-production-alb/31b69d3d76ab5ed1,2026-07-18T17:00:00Z,2026-07-18T18:00:00Z,2131642
app/bodegaai-production-alb/31b69d3d76ab5ed1,2026-07-18T18:00:00Z,2026-07-18T19:00:00Z,2133855
app/bodegaai-production-alb/31b69d3d76ab5ed1,2026-07-18T19:00:00Z,2026-07-18T20:00:00Z,2127752
app/bodegaai-production-alb/31b69d3d76ab5ed1,2026-07-18T20:00:00Z,2026-07-18T21:00:00Z,2129451
app/bodegaai-production-alb/31b69d3d76ab5ed1,2026-07-18T21:00:00Z,2026-07-18T22:00:00Z,2105673
app/bodegaai-production-alb/31b69d3d76ab5ed1,2026-07-18T22:00:00Z,2026-07-18T23:00:00Z,2112752
app/bodegaai-production-alb/31b69d3d76ab5ed1,2026-07-18T23:00:00Z,2026-07-19T00:00:00Z,2086225
app/bodegaai-production-alb/31b69d3d76ab5ed1,2026-07-19T00:00:00Z,2026-07-19T01:00:00Z,2068941
app/bodegaai-production-alb/31b69d3d76ab5ed1,2026-07-19T01:00:00Z,2026-07-19T02:00:00Z,2071279
app/bodegaai-production-alb/31b69d3d76ab5ed1,2026-07-19T02:00:00Z,2026-07-19T03:00:00Z,2040176
app/bodegaai-production-alb/31b69d3d76ab5ed1,2026-07-19T03:00:00Z,2026-07-19T04:00:00Z,2003521
app/bodegaai-production-alb/31b69d3d76ab5ed1,2026-07-19T04:00:00Z,2026-07-19T05:00:00Z,1971333
app/bodegaai-production-alb/31b69d3d76ab5ed1,2026-07-19T05:00:00Z,2026-07-19T06:00:00Z,1951495
app/bodegaai-production-alb/31b69d3d76ab5ed1,2026-07-19T06:00:00Z,2026-07-19T07:00:00Z,1942501
app/bodegaai-production-alb/31b69d3d76ab5ed1,2026-07-19T07:00:00Z,2026-07-19T08:00:00Z,1937336
app/bodegaai-production-alb/31b69d3d76ab5ed1,2026-07-19T08:00:00Z,2026-07-19T09:00:00Z,1944605
app/bodegaai-production-alb/31b69d3d76ab5ed1,2026-07-19T09:00:00Z,2026-07-19T10:00:00Z,1946192
app/bodegaai-production-alb/31b69d3d76ab5ed1,2026-07-19T10:00:00Z,2026-07-19T11:00:00Z,1954321
app/bodegaai-production-alb/31b69d3d76ab5ed1,2026-07-19T11:00:00Z,2026-07-19T12:00:00Z,1980693
app/bodegaai-production-alb/31b69d3d76ab5ed1,2026-07-19T12:00:00Z,2026-07-19T13:00:00Z,2015099
app/bodegaai-production-alb/31b69d3d76ab5ed1,2026-07-19T13:00:00Z,2026-07-19T14:00:00Z,2038058
app/bodegaai-production-alb/31b69d3d76ab5ed1,2026-07-19T14:00:00Z,2026-07-19T15:00:00Z,2077094
app/bodegaai-production-alb/31b69d3d76ab5ed1,2026-07-19T15:00:00Z,2026-07-19T16:00:00Z,2089551
app/bodegaai-production-alb/31b69d3d76ab5ed1,2026-07-19T16:00:00Z,2026-07-19T17:00:00Z,2103601
app/bodegaai-production-alb/31b69d3d76ab5ed1,2026-07-19T17:00:00Z,2026-07-19T18:00:00Z,2106332
app/bodegaai-production-alb/31b69d3d76ab5ed1,2026-07-19T18:00:00Z,2026-07-19T19:00:00Z,2090472
app/bodegaai-production-alb/31b69d3d76ab5ed1,2026-07-19T19:00:00Z,2026-07-19T20:00:00Z,2079254
app/bodegaai-production-alb/31b69d3d76ab5ed1,2026-07-19T20:00:00Z,2026-07-19T21:00:00Z,2075283
app/bodegaai-production-alb/31b69d3d76ab5ed1,2026-07-19T21:00:00Z,2026-07-19T22:00:00Z,2067827
app/bodegaai-production-alb/31b69d3d76ab5ed1,2026-07-19T22:00:00Z,2026-07-19T23:00:00Z,2075915
app/bodegaai-production-alb/31b69d3d76ab5ed1,2026-07-19T23:00:00Z,2026-07-20T00:00:00Z,2081451
app/bodegaai-production-alb/31b69d3d76ab5ed1,2026-07-20T00:00:00Z,2026-07-20T01:00:00Z,2051536
app/bodegaai-production-alb/31b69d3d76ab5ed1,2026-07-20T01:00:00Z,2026-07-20T02:00:00Z,2027195
app/bodegaai-production-alb/31b69d3d76ab5ed1,2026-07-20T02:00:00Z,2026-07-20T03:00:00Z,2004902
app/bodegaai-production-alb/31b69d3d76ab5ed1,2026-07-20T03:00:00Z,2026-07-20T04:00:00Z,1952191
app/bodegaai-production-alb/31b69d3d76ab5ed1,2026-07-20T04:00:00Z,2026-07-20T05:00:00Z,1925664
app/bodegaai-production-alb/31b69d3d76ab5ed1,2026-07-20T05:00:00Z,2026-07-20T06:00:00Z,1926880
app/bodegaai-production-alb/31b69d3d76ab5ed1,2026-07-20T06:00:00Z,2026-07-20T07:00:00Z,1919581
app/bodegaai-production-alb/31b69d3d76ab5ed1,2026-07-20T07:00:00Z,2026-07-20T08:00:00Z,1914719
app/bodegaai-production-alb/31b69d3d76ab5ed1,2026-07-20T08:00:00Z,2026-07-20T09:00:00Z,1924458
app/bodegaai-production-alb/31b69d3d76ab5ed1,2026-07-20T09:00:00Z,2026-07-20T10:00:00Z,1922943
app/bodegaai-production-alb/31b69d3d76ab5ed1,2026-07-20T10:00:00Z,2026-07-20T11:00:00Z,1941711
app/bodegaai-production-alb/31b69d3d76ab5ed1,2026-07-20T11:00:00Z,2026-07-20T12:00:00Z,1972529
app/bodegaai-production-alb/31b69d3d76ab5ed1,2026-07-20T12:00:00Z,2026-07-20T13:00:00Z,2006905
app/bodegaai-production-alb/31b69d3d76ab5ed1,2026-07-20T13:00:00Z,2026-07-20T14:00:00Z,2039600
app/bodegaai-production-alb/31b69d3d76ab5ed1,2026-07-20T14:00:00Z,2026-07-20T15:00:00Z,2050728
app/bodegaai-production-alb/31b69d3d76ab5ed1,2026-07-20T15:00:00Z,2026-07-20T16:00:00Z,2056340
app/bodegaai-production-alb/31b69d3d76ab5ed1,2026-07-20T16:00:00Z,2026-07-20T17:00:00Z,2083927
app/bodegaai-production-alb/31b69d3d76ab5ed1,2026-07-20T17:00:00Z,2026-07-20T18:00:00Z,2111079
app/bodegaai-production-alb/31b69d3d76ab5ed1,2026-07-20T18:00:00Z,2026-07-20T19:00:00Z,2103565
app/bodegaai-production-alb/31b69d3d76ab5ed1,2026-07-20T19:00:00Z,2026-07-20T20:00:00Z,2122320
app/bodegaai-production-alb/31b69d3d76ab5ed1,2026-07-20T20:00:00Z,2026-07-20T21:00:00Z,2128088
app/bodegaai-production-alb/31b69d3d76ab5ed1,2026-07-20T21:00:00Z,2026-07-20T22:00:00Z,2129338
app/bodegaai-production-alb/31b69d3d76ab5ed1,2026-07-20T22:00:00Z,2026-07-20T23:00:00Z,2131269
app/bodegaai-production-alb/31b69d3d76ab5ed1,2026-07-20T23:00:00Z,2026-07-21T00:00:00Z,2125482
app/bodegaai-production-alb/31b69d3d76ab5ed1,2026-07-21T00:00:00Z,2026-07-21T01:00:00Z,2108685
app/bodegaai-production-alb/31b69d3d76ab5ed1,2026-07-21T01:00:00Z,2026-07-21T02:00:00Z,2075443
app/bodegaai-production-alb/31b69d3d76ab5ed1,2026-07-21T02:00:00Z,2026-07-21T03:00:00Z,2027538
app/bodegaai-production-alb/31b69d3d76ab5ed1,2026-07-21T03:00:00Z,2026-07-21T04:00:00Z,1982812
app/bodegaai-production-alb/31b69d3d76ab5ed1,2026-07-21T04:00:00Z,2026-07-21T05:00:00Z,1953625
app/bodegaai-production-alb/31b69d3d76ab5ed1,2026-07-21T05:00:00Z,2026-07-21T06:00:00Z,1937510
app/bodegaai-production-alb/31b69d3d76ab5ed1,2026-07-21T06:00:00Z,2026-07-21T07:00:00Z,1940286
app/bodegaai-production-alb/31b69d3d76ab5ed1,2026-07-21T07:00:00Z,2026-07-21T08:00:00Z,1942912
app/bodegaai-production-alb/31b69d3d76ab5ed1,2026-07-21T08:00:00Z,2026-07-21T09:00:00Z,1945914
app/bodegaai-production-alb/31b69d3d76ab5ed1,2026-07-21T09:00:00Z,2026-07-21T10:00:00Z,1951860
app/bodegaai-production-alb/31b69d3d76ab5ed1,2026-07-21T10:00:00Z,2026-07-21T11:00:00Z,1979664
app/bodegaai-production-alb/31b69d3d76ab5ed1,2026-07-21T11:00:00Z,2026-07-21T12:00:00Z,2021900
app/bodegaai-production-alb/31b69d3d76ab5ed1,2026-07-21T12:00:00Z,2026-07-21T13:00:00Z,2040910
app/bodegaai-production-alb/31b69d3d76ab5ed1,2026-07-21T13:00:00Z,2026-07-21T14:00:00Z,2079479
app/bodegaai-production-alb/31b69d3d76ab5ed1,2026-07-21T14:00:00Z,2026-07-21T15:00:00Z,2105473
app/bodegaai-production-alb/31b69d3d76ab5ed1,2026-07-21T15:00:00Z,2026-07-21T16:00:00Z,2109907
app/bodegaai-production-alb/31b69d3d76ab5ed1,2026-07-21T16:00:00Z,2026-07-21T17:00:00Z,2124361
app/bodegaai-production-alb/31b69d3d76ab5ed1,2026-07-21T17:00:00Z,2026-07-21T18:00:00Z,2133611
app/bodegaai-production-alb/31b69d3d76ab5ed1,2026-07-21T18:00:00Z,2026-07-21T19:00:00Z,2126430
app/bodegaai-production-alb/31b69d3d76ab5ed1,2026-07-21T19:00:00Z,2026-07-21T20:00:00Z,2135312
app/bodegaai-production-alb/31b69d3d76ab5ed1,2026-07-21T20:00:00Z,2026-07-21T21:00:00Z,2133652
app/bodegaai-production-alb/31b69d3d76ab5ed1,2026-07-21T21:00:00Z,2026-07-21T22:00:00Z,2135051
app/bodegaai-production-alb/31b69d3d76ab5ed1,2026-07-21T22:00:00Z,2026-07-21T23:00:00Z,2131346
app/bodegaai-production-alb/31b69d3d76ab5ed1,2026-07-21T23:00:00Z,2026-07-22T00:00:00Z,2122033
app/bodegaai-production-alb/31b69d3d76ab5ed1,2026-07-22T00:00:00Z,2026-07-22T01:00:00Z,2089148
app/bodegaai-production-alb/31b69d3d76ab5ed1,2026-07-22T01:00:00Z,2026-07-22T02:00:00Z,2082872
app/bodegaai-production-alb/31b69d3d76ab5ed1,2026-07-22T02:00:00Z,2026-07-22T03:00:00Z,2046158
app/bodegaai-production-alb/31b69d3d76ab5ed1,2026-07-22T03:00:00Z,2026-07-22T04:00:00Z,1989970
app/bodegaai-production-alb/31b69d3d76ab5ed1,2026-07-22T04:00:00Z,2026-07-22T05:00:00Z,1945626
app/bodegaai-production-alb/31b69d3d76ab5ed1,2026-07-22T05:00:00Z,2026-07-22T06:00:00Z,1940864
app/bodegaai-production-alb/31b69d3d76ab5ed1,2026-07-22T06:00:00Z,2026-07-22T07:00:00Z,1929359
app/bodegaai-production-alb/31b69d3d76ab5ed1,2026-07-22T07:00:00Z,2026-07-22T08:00:00Z,1906005
app/bodegaai-production-alb/31b69d3d76ab5ed1,2026-07-22T08:00:00Z,2026-07-22T09:00:00Z,1902243
app/bodegaai-production-alb/31b69d3d76ab5ed1,2026-07-22T09:00:00Z,2026-07-22T10:00:00Z,1914523
app/bodegaai-production-alb/31b69d3d76ab5ed1,2026-07-22T10:00:00Z,2026-07-22T11:00:00Z,1958685
app/bodegaai-production-alb/31b69d3d76ab5ed1,2026-07-22T11:00:00Z,2026-07-22T12:00:00Z,2008671
app/bodegaai-production-alb/31b69d3d76ab5ed1,2026-07-22T12:00:00Z,2026-07-22T13:00:00Z,2040465
app/bodegaai-production-alb/31b69d3d76ab5ed1,2026-07-22T13:00:00Z,2026-07-22T14:00:00Z,2061521
app/bodegaai-production-alb/31b69d3d76ab5ed1,2026-07-22T14:00:00Z,2026-07-22T15:00:00Z,2104671
app/bodegaai-production-alb/31b69d3d76ab5ed1,2026-07-22T15:00:00Z,2026-07-22T16:00:00Z,2127799
app/bodegaai-production-alb/31b69d3d76ab5ed1,2026-07-22T16:00:00Z,2026-07-22T17:00:00Z,2144718
app/bodegaai-production-alb/31b69d3d76ab5ed1,2026-07-22T17:00:00Z,2026-07-22T18:00:00Z,2139724
app/bodegaai-production-alb/31b69d3d76ab5ed1,2026-07-22T18:00:00Z,2026-07-22T19:00:00Z,2145068
app/bodegaai-production-alb/31b69d3d76ab5ed1,2026-07-22T19:00:00Z,2026-07-22T20:00:00Z,2154732
app/bodegaai-production-alb/31b69d3d76ab5ed1,2026-07-22T20:00:00Z,2026-07-22T21:00:00Z,2162273
app/bodegaai-production-alb/31b69d3d76ab5ed1,2026-07-22T21:00:00Z,2026-07-22T22:00:00Z,2178740
app/bodegaai-production-alb/31b69d3d76ab5ed1,2026-07-22T22:00:00Z,2026-07-22T23:00:00Z,2184553
app/bodegaai-production-alb/31b69d3d76ab5ed1,2026-07-22T23:00:00Z,2026-07-23T00:00:00Z,2176827
app/bodegaai-production-alb/31b69d3d76ab5ed1,2026-07-23T00:00:00Z,2026-07-23T01:00:00Z,2153210
app/bodegaai-production-alb/31b69d3d76ab5ed1,2026-07-23T01:00:00Z,2026-07-23T02:00:00Z,2120072
app/bodegaai-production-alb/31b69d3d76ab5ed1,2026-07-23T02:00:00Z,2026-07-23T03:00:00Z,2083736
app/bodegaai-production-alb/31b69d3d76ab5ed1,2026-07-23T03:00:00Z,2026-07-23T04:00:00Z,2032032
app/bodegaai-production-alb/31b69d3d76ab5ed1,2026-07-23T04:00:00Z,2026-07-23T05:00:00Z,1988436
app/bodegaai-production-alb/31b69d3d76ab5ed1,2026-07-23T05:00:00Z,2026-07-23T06:00:00Z,1980835
app/bodegaai-production-alb/31b69d3d76ab5ed1,2026-07-23T06:00:00Z,2026-07-23T07:00:00Z,1978670
app/bodegaai-production-alb/31b69d3d76ab5ed1,2026-07-23T07:00:00Z,2026-07-23T08:00:00Z,1975869
app/bodegaai-production-alb/31b69d3d76ab5ed1,2026-07-23T08:00:00Z,2026-07-23T09:00:00Z,1977766
app/bodegaai-production-alb/31b69d3d76ab5ed1,2026-07-23T09:00:00Z,2026-07-23T10:00:00Z,1991303
app/bodegaai-production-alb/31b69d3d76ab5ed1,2026-07-23T10:00:00Z,2026-07-23T11:00:00Z,2016666
app/bodegaai-production-alb/31b69d3d76ab5ed1,2026-07-23T11:00:00Z,2026-07-23T12:00:00Z,2045786
app/bodegaai-production-alb/31b69d3d76ab5ed1,2026-07-23T12:00:00Z,2026-07-23T13:00:00Z,2076344
app/bodegaai-production-alb/31b69d3d76ab5ed1,2026-07-23T13:00:00Z,2026-07-23T14:00:00Z,2102126
app/bodegaai-production-alb/31b69d3d76ab5ed1,2026-07-23T14:00:00Z,2026-07-23T15:00:00Z,2133675
app/bodegaai-production-alb/31b69d3d76ab5ed1,2026-07-23T15:00:00Z,2026-07-23T16:00:00Z,2135432
app/bodegaai-production-alb/31b69d3d76ab5ed1,2026-07-23T16:00:00Z,2026-07-23T17:00:00Z,2145128
app/bodegaai-production-alb/31b69d3d76ab5ed1,2026-07-23T17:00:00Z,2026-07-23T18:00:00Z,2152060
app/bodegaai-production-alb/31b69d3d76ab5ed1,2026-07-23T18:00:00Z,2026-07-23T19:00:00Z,2150835
app/bodegaai-production-alb/31b69d3d76ab5ed1,2026-07-23T19:00:00Z,2026-07-23T20:00:00Z,2144164
app/bodegaai-production-alb/31b69d3d76ab5ed1,2026-07-23T20:00:00Z,2026-07-23T21:00:00Z,2105236
app/bodegaai-production-alb/31b69d3d76ab5ed1,2026-07-23T21:00:00Z,2026-07-23T22:00:00Z,2149702
app/bodegaai-production-alb/31b69d3d76ab5ed1,2026-07-23T22:00:00Z,2026-07-23T23:00:00Z,2129415
app/bodegaai-production-alb/31b69d3d76ab5ed1,2026-07-23T23:00:00Z,2026-07-24T00:00:00Z,2129805
app/bodegaai-production-alb/31b69d3d76ab5ed1,2026-07-24T00:00:00Z,2026-07-24T01:00:00Z,2120873
app/bodegaai-production-alb/31b69d3d76ab5ed1,2026-07-24T01:00:00Z,2026-07-24T02:00:00Z,2107792
app/bodegaai-production-alb/31b69d3d76ab5ed1,2026-07-24T02:00:00Z,2026-07-24T03:00:00Z,2066574
app/bodegaai-production-alb/31b69d3d76ab5ed1,2026-07-24T03:00:00Z,2026-07-24T04:00:00Z,2009538
app/bodegaai-production-alb/31b69d3d76ab5ed1,2026-07-24T04:00:00Z,2026-07-24T05:00:00Z,1976087
app/bodegaai-production-alb/31b69d3d76ab5ed1,2026-07-24T05:00:00Z,2026-07-24T06:00:00Z,1973557
app/bodegaai-production-alb/31b69d3d76ab5ed1,2026-07-24T06:00:00Z,2026-07-24T07:00:00Z,1965677
app/bodegaai-production-alb/31b69d3d76ab5ed1,2026-07-24T07:00:00Z,2026-07-24T08:00:00Z,1963112
app/bodegaai-production-alb/31b69d3d76ab5ed1,2026-07-24T08:00:00Z,2026-07-24T09:00:00Z,1962502
app/bodegaai-production-alb/31b69d3d76ab5ed1,2026-07-24T09:00:00Z,2026-07-24T10:00:00Z,1961274
app/bodegaai-production-alb/31b69d3d76ab5ed1,2026-07-24T10:00:00Z,2026-07-24T11:00:00Z,1979548
app/bodegaai-production-alb/31b69d3d76ab5ed1,2026-07-24T11:00:00Z,2026-07-24T12:00:00Z,2015083
app/bodegaai-production-alb/31b69d3d76ab5ed1,2026-07-24T12:00:00Z,2026-07-24T13:00:00Z,2052911
app/bodegaai-production-alb/31b69d3d76ab5ed1,2026-07-24T13:00:00Z,2026-07-24T14:00:00Z,2088277
app/bodegaai-production-alb/31b69d3d76ab5ed1,2026-07-24T14:00:00Z,2026-07-24T15:00:00Z,2104720
app/bodegaai-production-alb/31b69d3d76ab5ed1,2026-07-24T15:00:00Z,2026-07-24T16:00:00Z,2116969
app/bodegaai-production-alb/31b69d3d76ab5ed1,2026-07-24T16:00:00Z,2026-07-24T17:00:00Z,2146302
app/bodegaai-production-alb/31b69d3d76ab5ed1,2026-07-24T17:00:00Z,2026-07-24T18:00:00Z,2152706
app/bodegaai-production-alb/31b69d3d76ab5ed1,2026-07-24T18:00:00Z,2026-07-24T19:00:00Z,2162750
app/bodegaai-production-alb/31b69d3d76ab5ed1,2026-07-24T19:00:00Z,2026-07-24T20:00:00Z,2122226
app/bodegaai-production-alb/31b69d3d76ab5ed1,2026-07-24T20:00:00Z,2026-07-24T21:00:00Z,2170410
app/bodegaai-production-alb/31b69d3d76ab5ed1,2026-07-24T21:00:00Z,2026-07-24T22:00:00Z,2176730
app/bodegaai-production-alb/31b69d3d76ab5ed1,2026-07-24T22:00:00Z,2026-07-24T23:00:00Z,2167614
app/bodegaai-production-alb/31b69d3d76ab5ed1,2026-07-24T23:00:00Z,2026-07-25T00:00:00Z,2147854
app/bodegaai-production-alb/31b69d3d76ab5ed1,2026-07-25T00:00:00Z,2026-07-25T01:00:00Z,2128617
app/bodegaai-production-alb/31b69d3d76ab5ed1,2026-07-25T01:00:00Z,2026-07-25T02:00:00Z,2119125
app/bodegaai-production-alb/31b69d3d76ab5ed1,2026-07-25T02:00:00Z,2026-07-25T03:00:00Z,2088829
app/bodegaai-production-alb/31b69d3d76ab5ed1,2026-07-25T03:00:00Z,2026-07-25T04:00:00Z,2039682
app/bodegaai-production-alb/31b69d3d76ab5ed1,2026-07-25T04:00:00Z,2026-07-25T05:00:00Z,2020181
app/bodegaai-production-alb/31b69d3d76ab5ed1,2026-07-25T05:00:00Z,2026-07-25T06:00:00Z,2004300
app/bodegaai-production-alb/31b69d3d76ab5ed1,2026-07-25T06:00:00Z,2026-07-25T07:00:00Z,1996971
app/bodegaai-production-alb/31b69d3d76ab5ed1,2026-07-25T07:00:00Z,2026-07-25T08:00:00Z,1993384
app/bodegaai-production-alb/31b69d3d76ab5ed1,2026-07-25T08:00:00Z,2026-07-25T09:00:00Z,1999004
app/bodegaai-production-alb/31b69d3d76ab5ed1,2026-07-25T09:00:00Z,2026-07-25T10:00:00Z,1997951
app/bodegaai-production-alb/31b69d3d76ab5ed1,2026-07-25T10:00:00Z,2026-07-25T11:00:00Z,2004840
app/bodegaai-production-alb/31b69d3d76ab5ed1,2026-07-25T11:00:00Z,2026-07-25T12:00:00Z,2031369
app/bodegaai-production-alb/31b69d3d76ab5ed1,2026-07-25T12:00:00Z,2026-07-25T13:00:00Z,2063445
app/bodegaai-production-alb/31b69d3d76ab5ed1,2026-07-25T13:00:00Z,2026-07-25T14:00:00Z,2104532
app/bodegaai-production-alb/31b69d3d76ab5ed1,2026-07-25T14:00:00Z,2026-07-25T15:00:00Z,2124257
app/bodegaai-production-alb/31b69d3d76ab5ed1,2026-07-25T15:00:00Z,2026-07-25T16:00:00Z,2131138
app/bodegaai-production-alb/31b69d3d76ab5ed1,2026-07-25T16:00:00Z,2026-07-25T17:00:00Z,2147385
app/bodegaai-production-alb/31b69d3d76ab5ed1,2026-07-25T17:00:00Z,2026-07-25T18:00:00Z,2144331
app/bodegaai-production-alb/31b69d3d76ab5ed1,2026-07-25T18:00:00Z,2026-07-25T19:00:00Z,2148992
app/bodegaai-production-alb/31b69d3d76ab5ed1,2026-07-25T19:00:00Z,2026-07-25T20:00:00Z,2147497
app/bodegaai-production-alb/31b69d3d76ab5ed1,2026-07-25T20:00:00Z,2026-07-25T21:00:00Z,2149027
app/bodegaai-production-alb/31b69d3d76ab5ed1,2026-07-25T21:00:00Z,2026-07-25T22:00:00Z,2147797
app/bodegaai-production-alb/31b69d3d76ab5ed1,2026-07-25T22:00:00Z,2026-07-25T23:00:00Z,2142246
app/bodegaai-production-alb/31b69d3d76ab5ed1,2026-07-25T23:00:00Z,2026-07-26T00:00:00Z,2135765
app/bodegaai-production-alb/31b69d3d76ab5ed1,2026-07-26T00:00:00Z,2026-07-26T01:00:00Z,2127536
app/bodegaai-production-alb/31b69d3d76ab5ed1,2026-07-26T01:00:00Z,2026-07-26T02:00:00Z,2026908
app/bodegaai-production-alb/31b69d3d76ab5ed1,2026-07-26T02:00:00Z,2026-07-26T03:00:00Z,2025129
app/bodegaai-production-alb/31b69d3d76ab5ed1,2026-07-26T03:00:00Z,2026-07-26T04:00:00Z,1990582
app/bodegaai-production-alb/31b69d3d76ab5ed1,2026-07-26T04:00:00Z,2026-07-26T05:00:00Z,1963234
app/bodegaai-production-alb/31b69d3d76ab5ed1,2026-07-26T05:00:00Z,2026-07-26T06:00:00Z,1943497
app/bodegaai-production-alb/31b69d3d76ab5ed1,2026-07-26T06:00:00Z,2026-07-26T07:00:00Z,1928072
app/bodegaai-production-alb/31b69d3d76ab5ed1,2026-07-26T07:00:00Z,2026-07-26T08:00:00Z,1930950
app/bodegaai-production-alb/31b69d3d76ab5ed1,2026-07-26T08:00:00Z,2026-07-26T09:00:00Z,1937331
app/bodegaai-production-alb/31b69d3d76ab5ed1,2026-07-26T09:00:00Z,2026-07-26T10:00:00Z,1938668
app/bodegaai-production-alb/31b69d3d76ab5ed1,2026-07-26T10:00:00Z,2026-07-26T11:00:00Z,1945441
app/bodegaai-production-alb/31b69d3d76ab5ed1,2026-07-26T11:00:00Z,2026-07-26T12:00:00Z,1970916
app/bodegaai-production-alb/31b69d3d76ab5ed1,2026-07-26T12:00:00Z,2026-07-26T13:00:00Z,2029830
app/bodegaai-production-alb/31b69d3d76ab5ed1,2026-07-26T13:00:00Z,2026-07-26T14:00:00Z,2053838
app/bodegaai-production-alb/31b69d3d76ab5ed1,2026-07-26T14:00:00Z,2026-07-26T15:00:00Z,2079916
app/bodegaai-production-alb/31b69d3d76ab5ed1,2026-07-26T15:00:00Z,2026-07-26T16:00:00Z,2100031
app/bodegaai-production-alb/31b69d3d76ab5ed1,2026-07-26T16:00:00Z,2026-07-26T17:00:00Z,2120315
app/bodegaai-production-alb/31b69d3d76ab5ed1,2026-07-26T17:00:00Z,2026-07-26T18:00:00Z,2133047
app/bodegaai-production-alb/31b69d3d76ab5ed1,2026-07-26T18:00:00Z,2026-07-26T19:00:00Z,2144520
app/bodegaai-production-alb/31b69d3d76ab5ed1,2026-07-26T19:00:00Z,2026-07-26T20:00:00Z,2158021
app/bodegaai-production-alb/31b69d3d76ab5ed1,2026-07-26T20:00:00Z,2026-07-26T21:00:00Z,2148375
app/bodegaai-production-alb/31b69d3d76ab5ed1,2026-07-26T21:00:00Z,2026-07-26T22:00:00Z,2150482
app/bodegaai-production-alb/31b69d3d76ab5ed1,2026-07-26T22:00:00Z,2026-07-26T23:00:00Z,2150941
app/bodegaai-production-alb/31b69d3d76ab5ed1,2026-07-26T23:00:00Z,2026-07-27T00:00:00Z,2146543
app/bodegaai-production-alb/31b69d3d76ab5ed1,2026-07-27T00:00:00Z,2026-07-27T01:00:00Z,2135065
app/bodegaai-production-alb/31b69d3d76ab5ed1,2026-07-27T01:00:00Z,2026-07-27T02:00:00Z,2112382
app/bodegaai-production-alb/31b69d3d76ab5ed1,2026-07-27T02:00:00Z,2026-07-27T03:00:00Z,2069903
app/bodegaai-production-alb/31b69d3d76ab5ed1,2026-07-27T03:00:00Z,2026-07-27T04:00:00Z,2022349
app/bodegaai-production-alb/31b69d3d76ab5ed1,2026-07-27T04:00:00Z,2026-07-27T05:00:00Z,1984923
app/bodegaai-production-alb/31b69d3d76ab5ed1,2026-07-27T05:00:00Z,2026-07-27T06:00:00Z,1979867
app/bodegaai-production-alb/31b69d3d76ab5ed1,2026-07-27T06:00:00Z,2026-07-27T07:00:00Z,1952749
app/bodegaai-production-alb/31b69d3d76ab5ed1,2026-07-27T07:00:00Z,2026-07-27T08:00:00Z,1971809
app/bodegaai-production-alb/31b69d3d76ab5ed1,2026-07-27T08:00:00Z,2026-07-27T09:00:00Z,1969711
app/bodegaai-production-alb/31b69d3d76ab5ed1,2026-07-27T09:00:00Z,2026-07-27T10:00:00Z,1971214
app/bodegaai-production-alb/31b69d3d76ab5ed1,2026-07-27T10:00:00Z,2026-07-27T11:00:00Z,1995063
app/bodegaai-production-alb/31b69d3d76ab5ed1,2026-07-27T11:00:00Z,2026-07-27T12:00:00Z,2029726
app/bodegaai-production-alb/31b69d3d76ab5ed1,2026-07-27T12:00:00Z,2026-07-27T13:00:00Z,2055190
app/bodegaai-production-alb/31b69d3d76ab5ed1,2026-07-27T13:00:00Z,2026-07-27T14:00:00Z,2092356
app/bodegaai-production-alb/31b69d3d76ab5ed1,2026-07-27T14:00:00Z,2026-07-27T15:00:00Z,2111432
app/bodegaai-production-alb/31b69d3d76ab5ed1,2026-07-27T15:00:00Z,2026-07-27T16:00:00Z,2112367
app/bodegaai-production-alb/31b69d3d76ab5ed1,2026-07-27T16:00:00Z,2026-07-27T17:00:00Z,2124185
app/bodegaai-production-alb/31b69d3d76ab5ed1,2026-07-27T17:00:00Z,2026-07-27T18:00:00Z,2105499
app/bodegaai-production-alb/31b69d3d76ab5ed1,2026-07-27T18:00:00Z,2026-07-27T19:00:00Z,2106650
app/bodegaai-production-alb/31b69d3d76ab5ed1,2026-07-27T19:00:00Z,2026-07-27T20:00:00Z,2120966
app/bodegaai-production-alb/31b69d3d76ab5ed1,2026-07-27T20:00:00Z,2026-07-27T21:00:00Z,2096161
app/bodegaai-production-alb/31b69d3d76ab5ed1,2026-07-27T21:00:00Z,2026-07-27T22:00:00Z,2094407
app/bodegaai-production-alb/31b69d3d76ab5ed1,2026-07-27T22:00:00Z,2026-07-27T23:00:00Z,2095558
app/bodegaai-production-alb/31b69d3d76ab5ed1,2026-07-27T23:00:00Z,2026-07-28T00:00:00Z,2092796
app/bodegaai-production-alb/31b69d3d76ab5ed1,2026-07-28T00:00:00Z,2026-07-28T01:00:00Z,2072612
app/bodegaai-production-alb/31b69d3d76ab5ed1,2026-07-28T01:00:00Z,2026-07-28T02:00:00Z,2043049
app/bodegaai-production-alb/31b69d3d76ab5ed1,2026-07-28T02:00:00Z,2026-07-28T03:00:00Z,2028721
app/bodegaai-production-alb/31b69d3d76ab5ed1,2026-07-28T03:00:00Z,2026-07-28T04:00:00Z,1959320
app/bodegaai-production-alb/31b69d3d76ab5ed1,2026-07-28T04:00:00Z,2026-07-28T05:00:00Z,1948652
app/bodegaai-production-alb/31b69d3d76ab5ed1,2026-07-28T05:00:00Z,2026-07-28T06:00:00Z,1934063
app/bodegaai-production-alb/31b69d3d76ab5ed1,2026-07-28T06:00:00Z,2026-07-28T07:00:00Z,1930587
app/bodegaai-production-alb/31b69d3d76ab5ed1,2026-07-28T07:00:00Z,2026-07-28T08:00:00Z,1922929
app/bodegaai-production-alb/31b69d3d76ab5ed1,2026-07-28T08:00:00Z,2026-07-28T09:00:00Z,1929573
app/bodegaai-production-alb/31b69d3d76ab5ed1,2026-07-28T09:00:00Z,2026-07-28T10:00:00Z,1929625
app/bodegaai-production-alb/31b69d3d76ab5ed1,2026-07-28T10:00:00Z,2026-07-28T11:00:00Z,1954788
app/bodegaai-production-alb/31b69d3d76ab5ed1,2026-07-28T11:00:00Z,2026-07-28T12:00:00Z,1998702
app/bodegaai-production-alb/31b69d3d76ab5ed1,2026-07-28T12:00:00Z,2026-07-28T13:00:00Z,2046173
app/bodegaai-production-alb/31b69d3d76ab5ed1,2026-07-28T13:00:00Z,2026-07-28T14:00:00Z,2072321
app/bodegaai-production-alb/31b69d3d76ab5ed1,2026-07-28T14:00:00Z,2026-07-28T15:00:00Z,2106395
app/bodegaai-production-alb/31b69d3d76ab5ed1,2026-07-28T15:00:00Z,2026-07-28T16:00:00Z,2108034
app/bodegaai-production-alb/31b69d3d76ab5ed1,2026-07-28T16:00:00Z,2026-07-28T17:00:00Z,2137201
app/bodegaai-production-alb/31b69d3d76ab5ed1,2026-07-28T17:00:00Z,2026-07-28T18:00:00Z,2137472
app/bodegaai-production-alb/31b69d3d76ab5ed1,2026-07-28T18:00:00Z,2026-07-28T19:00:00Z,2119613
app/bodegaai-production-alb/31b69d3d76ab5ed1,2026-07-28T19:00:00Z,2026-07-28T20:00:00Z,2132732
app/bodegaai-production-alb/31b69d3d76ab5ed1,2026-07-28T20:00:00Z,2026-07-28T21:00:00Z,2128928
app/bodegaai-production-alb/31b69d3d76ab5ed1,2026-07-28T21:00:00Z,2026-07-28T22:00:00Z,2132093
app/bodegaai-production-alb/31b69d3d76ab5ed1,2026-07-28T22:00:00Z,2026-07-28T23:00:00Z,2136447
app/bodegaai-production-alb/31b69d3d76ab5ed1,2026-07-28T23:00:00Z,2026-07-29T00:00:00Z,2125084
app/bodegaai-production-alb/31b69d3d76ab5ed1,2026-07-29T00:00:00Z,2026-07-29T01:00:00Z,2113157
app/bodegaai-production-alb/31b69d3d76ab5ed1,2026-07-29T01:00:00Z,2026-07-29T02:00:00Z,2081730
app/bodegaai-production-alb/31b69d3d76ab5ed1,2026-07-29T02:00:00Z,2026-07-29T03:00:00Z,2044372
app/bodegaai-production-alb/31b69d3d76ab5ed1,2026-07-29T03:00:00Z,2026-07-29T04:00:00Z,1997815
app/bodegaai-production-alb/31b69d3d76ab5ed1,2026-07-29T04:00:00Z,2026-07-29T05:00:00Z,1947775
app/bodegaai-production-alb/31b69d3d76ab5ed1,2026-07-29T05:00:00Z,2026-07-29T06:00:00Z,1934722
app/bodegaai-production-alb/31b69d3d76ab5ed1,2026-07-29T06:00:00Z,2026-07-29T07:00:00Z,1927526
app/bodegaai-production-alb/31b69d3d76ab5ed1,2026-07-29T07:00:00Z,2026-07-29T08:00:00Z,1924563
app/bodegaai-production-alb/31b69d3d76ab5ed1,2026-07-29T08:00:00Z,2026-07-29T09:00:00Z,1924224
app/bodegaai-production-alb/31b69d3d76ab5ed1,2026-07-29T09:00:00Z,2026-07-29T10:00:00Z,1927701
app/bodegaai-production-alb/31b69d3d76ab5ed1,2026-07-29T10:00:00Z,2026-07-29T11:00:00Z,1946540
app/bodegaai-production-alb/31b69d3d76ab5ed1,2026-07-29T11:00:00Z,2026-07-29T12:00:00Z,1994839
app/bodegaai-production-alb/31b69d3d76ab5ed1,2026-07-29T12:00:00Z,2026-07-29T13:00:00Z,2026744
app/bodegaai-production-alb/31b69d3d76ab5ed1,2026-07-29T13:00:00Z,2026-07-29T14:00:00Z,2072107
app/bodegaai-production-alb/31b69d3d76ab5ed1,2026-07-29T14:00:00Z,2026-07-29T15:00:00Z,2098999
app/bodegaai-production-alb/31b69d3d76ab5ed1,2026-07-29T15:00:00Z,2026-07-29T16:00:00Z,2121568
app/bodegaai-production-alb/31b69d3d76ab5ed1,2026-07-29T16:00:00Z,2026-07-29T17:00:00Z,2134310
app/bodegaai-production-alb/31b69d3d76ab5ed1,2026-07-29T17:00:00Z,2026-07-29T18:00:00Z,2136030
app/bodegaai-production-alb/31b69d3d76ab5ed1,2026-07-29T18:00:00Z,2026-07-29T19:00:00Z,2112689
app/bodegaai-production-alb/31b69d3d76ab5ed1,2026-07-29T19:00:00Z,2026-07-29T20:00:00Z,2146257
app/bodegaai-production-alb/31b69d3d76ab5ed1,2026-07-29T20:00:00Z,2026-07-29T21:00:00Z,2175409
app/bodegaai-production-alb/31b69d3d76ab5ed1,2026-07-29T21:00:00Z,2026-07-29T22:00:00Z,2175083
app/bodegaai-production-alb/31b69d3d76ab5ed1,2026-07-29T22:00:00Z,2026-07-29T23:00:00Z,2173084
app/bodegaai-production-alb/31b69d3d76ab5ed1,2026-07-29T23:00:00Z,2026-07-30T00:00:00Z,2162798
app/bodegaai-production-alb/31b69d3d76ab5ed1,2026-07-30T00:00:00Z,2026-07-30T01:00:00Z,2150781
app/bodegaai-production-alb/31b69d3d76ab5ed1,2026-07-30T01:00:00Z,2026-07-30T02:00:00Z,2112288
app/bodegaai-production-alb/31b69d3d76ab5ed1,2026-07-30T02:00:00Z,2026-07-30T03:00:00Z,2070606
app/bodegaai-production-alb/31b69d3d76ab5ed1,2026-07-30T03:00:00Z,2026-07-30T04:00:00Z,2023453
app/bodegaai-production-alb/31b69d3d76ab5ed1,2026-07-30T04:00:00Z,2026-07-30T05:00:00Z,1958551
app/bodegaai-production-alb/31b69d3d76ab5ed1,2026-07-30T05:00:00Z,2026-07-30T06:00:00Z,1972573
app/bodegaai-production-alb/31b69d3d76ab5ed1,2026-07-30T06:00:00Z,2026-07-30T07:00:00Z,1964898
app/bodegaai-production-alb/31b69d3d76ab5ed1,2026-07-30T07:00:00Z,2026-07-30T08:00:00Z,1960632
app/bodegaai-production-alb/31b69d3d76ab5ed1,2026-07-30T08:00:00Z,2026-07-30T09:00:00Z,1953406
app/bodegaai-production-alb/31b69d3d76ab5ed1,2026-07-30T09:00:00Z,2026-07-30T10:00:00Z,1958011
app/bodegaai-production-alb/31b69d3d76ab5ed1,2026-07-30T10:00:00Z,2026-07-30T11:00:00Z,1990151
app/bodegaai-production-alb/31b69d3d76ab5ed1,2026-07-30T11:00:00Z,2026-07-30T12:00:00Z,2023588
app/bodegaai-production-alb/31b69d3d76ab5ed1,2026-07-30T12:00:00Z,2026-07-30T13:00:00Z,2065725
app/bodegaai-production-alb/31b69d3d76ab5ed1,2026-07-30T13:00:00Z,2026-07-30T14:00:00Z,2101551
app/bodegaai-production-alb/31b69d3d76ab5ed1,2026-07-30T14:00:00Z,2026-07-30T15:00:00Z,2137626
app/bodegaai-production-alb/31b69d3d76ab5ed1,2026-07-30T15:00:00Z,2026-07-30T16:00:00Z,2149071
app/bodegaai-production-alb/31b69d3d76ab5ed1,2026-07-30T16:00:00Z,2026-07-30T17:00:00Z,2158142
app/bodegaai-production-alb/31b69d3d76ab5ed1,2026-07-30T17:00:00Z,2026-07-30T18:00:00Z,2134130
app/bodegaai-production-alb/31b69d3d76ab5ed1,2026-07-30T18:00:00Z,2026-07-30T19:00:00Z,2172663
app/bodegaai-production-alb/31b69d3d76ab5ed1,2026-07-30T19:00:00Z,2026-07-30T20:00:00Z,2181164
app/bodegaai-production-alb/31b69d3d76ab5ed1,2026-07-30T20:00:00Z,2026-07-30T21:00:00Z,2196458
app/bodegaai-production-alb/31b69d3d76ab5ed1,2026-07-30T21:00:00Z,2026-07-30T22:00:00Z,2212717
app/bodegaai-production-alb/31b69d3d76ab5ed1,2026-07-30T22:00:00Z,2026-07-30T23:00:00Z,2200987
app/bodegaai-production-alb/31b69d3d76ab5ed1,2026-07-30T23:00:00Z,2026-07-31T00:00:00Z,2191743
app/bodegaai-production-alb/31b69d3d76ab5ed1,2026-07-31T00:00:00Z,2026-07-31T01:00:00Z,2172696
app/bodegaai-production-alb/31b69d3d76ab5ed1,2026-07-31T01:00:00Z,2026-07-31T02:00:00Z,2141053
app/bodegaai-production-alb/31b69d3d76ab5ed1,2026-07-31T02:00:00Z,2026-07-31T03:00:00Z,2099567
app/bodegaai-production-alb/31b69d3d76ab5ed1,2026-07-31T03:00:00Z,2026-07-31T04:00:00Z,2052900
app/bodegaai-production-alb/31b69d3d76ab5ed1,2026-07-31T04:00:00Z,2026-07-31T05:00:00Z,2000185
app/bodegaai-production-alb/31b69d3d76ab5ed1,2026-07-31T05:00:00Z,2026-07-31T06:00:00Z,2012160
app/bodegaai-production-alb/31b69d3d76ab5ed1,2026-07-31T06:00:00Z,2026-07-31T07:00:00Z,2006791
app/bodegaai-production-alb/31b69d3d76ab5ed1,2026-07-31T07:00:00Z,2026-07-31T08:00:00Z,1999396
app/bodegaai-production-alb/31b69d3d76ab5ed1,2026-07-31T08:00:00Z,2026-07-31T09:00:00Z,2000107
app/bodegaai-production-alb/31b69d3d76ab5ed1,2026-07-31T09:00:00Z,2026-07-31T10:00:00Z,2010817
app/bodegaai-production-alb/31b69d3d76ab5ed1,2026-07-31T10:00:00Z,2026-07-31T11:00:00Z,2023552
app/bodegaai-production-alb/31b69d3d76ab5ed1,2026-07-31T11:00:00Z,2026-07-31T12:00:00Z,2067882
app/bodegaai-production-alb/31b69d3d76ab5ed1,2026-07-31T12:00:00Z,2026-07-31T13:00:00Z,2115712
app/bodegaai-production-alb/31b69d3d76ab5ed1,2026-07-31T13:00:00Z,2026-07-31T14:00:00Z,2141927
app/bodegaai-production-alb/31b69d3d76ab5ed1,2026-07-31T14:00:00Z,2026-07-31T15:00:00Z,2174001
app/bodegaai-production-alb/31b69d3d76ab5ed1,2026-07-31T15:00:00Z,2026-07-31T16:00:00Z,2214189
app/bodegaai-production-alb/31b69d3d76ab5ed1,2026-07-31T16:00:00Z,2026-07-31T17:00:00Z,2202286
app/bodegaai-production-alb/31b69d3d76ab5ed1,2026-07-31T17:00:00Z,2026-07-31T18:00:00Z,2229707
app/bodegaai-production-alb/31b69d3d76ab5ed1,2026-07-31T18:00:00Z,2026-07-31T19:00:00Z,2222575
app/bodegaai-production-alb/31b69d3d76ab5ed1,2026-07-31T19:00:00Z,2026-07-31T20:00:00Z,2231229
app/bodegaai-production-alb/31b69d3d76ab5ed1,2026-07-31T20:00:00Z,2026-07-31T21:00:00Z,2228279
app/bodegaai-production-alb/31b69d3d76ab5ed1,2026-07-31T21:00:00Z,2026-07-31T22:00:00Z,2209491
app/bodegaai-production-alb/31b69d3d76ab5ed1,2026-07-31T22:00:00Z,2026-07-31T23:00:00Z,2207380
app/bodegaai-production-alb/31b69d3d76ab5ed1,2026-07-31T23:00:00Z,2026-08-01T00:00:00Z,2215588
